Title,URL
プライバシーポリシー,https://cho-hamanako.info/privacy-policy/
中之島・渚園～表浜名湖の釣りポイント紹介～,https://cho-hamanako.info/2024/08/%e4%b8%ad%e4%b9%8b%e5%b3%b6%e3%83%bb%e6%b8%9a%e5%9c%92%ef%bd%9e%e8%a1%a8%e6%b5%9c%e5%90%8d%e6%b9%96%e3%81%ae%e9%87%a3%e3%82%8a%e3%83%9d%e3%82%a4%e3%83%b3%e3%83%88%e7%b4%b9%e4%bb%8b%ef%bd%9e/

今切口舞阪堤～表浜名湖の釣りポイント紹介～,https://cho-hamanako.info/2024/08/%e4%bb%8a%e5%88%87%e5%8f%a3%e8%88%9e%e9%98%aa%e5%a0%a4%ef%bd%9e%e8%a1%a8%e6%b5%9c%e5%90%8d%e6%b9%96%e3%81%ae%e9%87%a3%e3%82%8a%e3%83%9d%e3%82%a4%e3%83%b3%e3%83%88%e7%b4%b9%e4%bb%8b%ef%bd%9e/


サクラマル（弁天島）～表浜名湖の釣りポイント紹介～,https://cho-hamanako.info/2024/08/%e4%b9%99%e5%a5%b3%e5%9c%92%e3%83%bb%e3%82%b5%e3%82%af%e3%83%a9%e3%83%9e%e3%83%ab%ef%bc%88%e5%bc%81%e5%a4%a9%e5%b3%b6%ef%bc%89%ef%bd%9e%e8%a1%a8%e6%b5%9c%e5%90%8d%e6%b9%96%e3%81%ae%e9%87%a3%e3%82%8a/

新居弁天海釣公園～表浜名湖の釣りポイント～,https://cho-hamanako.info/2024/08/%e6%96%b0%e5%b1%85%e5%bc%81%e5%a4%a9%e6%b5%b7%e9%87%a3%e5%85%ac%e5%9c%92%ef%bd%9e%e8%a1%a8%e6%b5%9c%e5%90%8d%e6%b9%96%e3%81%ae%e9%87%a3%e3%82%8a%e3%83%9d%e3%82%a4%e3%83%b3%e3%83%88%ef%bd%9e/

砂揚げ場（新居漁港）～表浜名湖の釣りポイント紹介～,https://cho-hamanako.info/2024/08/%e7%a0%82%e6%8f%9a%e3%81%92%e5%a0%b4%ef%bc%88%e6%b5%9c%e5%90%8d%e6%b8%af%ef%bc%89%ef%bd%9e%e8%a1%a8%e6%b5%9c%e5%90%8d%e6%b9%96%e3%81%ae%e9%87%a3%e3%82%8a%e3%83%9d%e3%82%a4%e3%83%b3%e3%83%88%e7%b4%b9/

網干場（舞阪港）～表浜名湖の釣りポイント紹介～,https://cho-hamanako.info/2024/08/%e5%bc%81%e5%a4%a9%e5%b3%b6%e6%b5%b7%e6%b5%9c%e5%85%ac%e5%9c%92%e3%83%bb%e7%b6%b2%e5%b9%b2%e5%a0%b4%ef%bd%9e%e8%a1%a8%e6%b5%9c%e5%90%8d%e6%b9%96%e3%81%ae%e9%87%a3%e3%82%8a%e3%83%9d%e3%82%a4%e3%83%b3/

ボートレース浜名湖（浜名湖競艇場）～表浜名湖エリアの釣りポイント紹介,https://cho-hamanako.info/2024/08/%e3%83%9c%e3%83%bc%e3%83%88%e3%83%ac%e3%83%bc%e3%82%b9%e6%b5%9c%e5%90%8d%e6%b9%96%ef%bc%88%e6%b5%9c%e5%90%8d%e6%b9%96%e7%ab%b6%e8%89%87%e5%a0%b4%ef%bc%89%ef%bd%9e%e8%a1%a8%e6%b5%9c%e5%90%8d%e6%b9%96/

鷲津湾周辺～中浜名湖の釣りポイント紹介～,https://cho-hamanako.info/2024/08/%e9%b7%b2%e6%b4%a5%e6%b9%be%e5%91%a8%e8%be%ba%ef%bd%9e%e4%b8%ad%e6%b5%9c%e5%90%8d%e6%b9%96%e3%81%ae%e9%87%a3%e3%82%8a%e3%83%9d%e3%82%a4%e3%83%b3%e3%83%88%e7%b4%b9%e4%bb%8b%ef%bd%9e/

女河浦海水浴場～中浜名湖の釣りポイント紹介～,https://cho-hamanako.info/2024/08/%e5%a5%b3%e6%b2%b3%e6%b5%a6%e6%b5%b7%e6%b0%b4%e6%b5%b4%e5%a0%b4%ef%bd%9e%e4%b8%ad%e6%b5%9c%e5%90%8d%e6%b9%96%e3%81%ae%e9%87%a3%e3%82%8a%e3%83%9d%e3%82%a4%e3%83%b3%e3%83%88%e7%b4%b9%e4%bb%8b%ef%bd%9e/

松見ヶ浦～中浜名湖の釣りポイント紹介～,https://cho-hamanako.info/2024/08/%e6%9d%be%e8%a6%8b%e3%83%b6%e6%b5%a6%ef%bd%9e%e4%b8%ad%e6%b5%9c%e5%90%8d%e6%b9%96%e3%81%ae%e9%87%a3%e3%82%8a%e3%83%9d%e3%82%a4%e3%83%b3%e3%83%88%e7%b4%b9%e4%bb%8b%ef%bd%9e/
村櫛海水浴場～中浜名湖の釣りポイント紹介～,https://cho-hamanako.info/2024/08/%e6%9d%91%e6%ab%9b%e6%b5%b7%e6%b0%b4%e6%b5%b4%e5%a0%b4%ef%bd%9e%e4%b8%ad%e6%b5%9c%e5%90%8d%e6%b9%96%e3%81%ae%e9%87%a3%e3%82%8a%e3%83%9d%e3%82%a4%e3%83%b3%e3%83%88%e7%b4%b9%e4%bb%8b%ef%bd%9e/
新居町中之郷付近～中浜名湖の釣りポイント紹介～,https://cho-hamanako.info/2024/08/%e6%96%b0%e5%b1%85%e7%94%ba%e4%b8%ad%e4%b9%8b%e9%83%b7%e4%bb%98%e8%bf%91%ef%bd%9e%e4%b8%ad%e6%b5%9c%e5%90%8d%e6%b9%96%e3%81%ae%e9%87%a3%e3%82%8a%e3%83%9d%e3%82%a4%e3%83%b3%e3%83%88%e7%b4%b9%e4%bb%8b/

湖上に立つ干潟サイトフィッシング～中浜名湖の釣りポイント紹介～,https://cho-hamanako.info/2024/08/%e6%b5%9c%e5%90%8d%e6%b9%96%e3%81%ae%e5%b9%b2%e6%bd%9f%e3%82%b5%e3%82%a4%e3%83%88%e3%83%95%e3%82%a3%e3%83%83%e3%82%b7%e3%83%b3%e3%82%b0%ef%bd%9e%e4%b8%ad%e6%b5%9c%e5%90%8d%e6%b9%96%e3%81%ae%e9%87%a3/

村櫛漁港付近・ガーデンパーク～中浜名湖の釣りポイント紹介～,https://cho-hamanako.info/2024/08/%e6%9d%91%e6%ab%9b%e6%bc%81%e6%b8%af%e4%bb%98%e8%bf%91%e3%83%bb%e3%82%ac%e3%83%bc%e3%83%87%e3%83%b3%e3%83%91%e3%83%bc%e3%82%af%ef%bd%9e%e4%b8%ad%e6%b5%9c%e5%90%8d%e6%b9%96%e3%81%ae%e9%87%a3%e3%82%8a/

はまゆう大橋～中浜名湖の釣りポイント紹介～,https://cho-hamanako.info/2024/08/%e3%81%af%e3%81%be%e3%82%86%e3%81%86%e5%a4%a7%e6%a9%8b%ef%bd%9e%e4%b8%ad%e6%b5%9c%e5%90%8d%e6%b9%96%e3%81%ae%e9%87%a3%e3%82%8a%e3%83%9d%e3%82%a4%e3%83%b3%e3%83%88%e7%b4%b9%e4%bb%8b%ef%bd%9e/

内山海岸～中浜名湖の釣りポイント紹介～,https://cho-hamanako.info/2024/08/%e5%86%85%e5%b1%b1%e6%b5%b7%e5%b2%b8%ef%bd%9e%e4%b8%ad%e6%b5%9c%e5%90%8d%e6%b9%96%e3%81%ae%e9%87%a3%e3%82%8a%e3%83%9d%e3%82%a4%e3%83%b3%e3%83%88%e7%b4%b9%e4%bb%8b%ef%bd%9e/

舘山寺（内浦湾）～奥浜名湖の釣りポイント紹介～,https://cho-hamanako.info/2024/08/%e8%88%98%e5%b1%b1%e5%af%ba%ef%bc%88%e5%86%85%e6%b5%a6%e6%b9%be%ef%bc%89%ef%bd%9e%e5%a5%a5%e6%b5%9c%e5%90%8d%e6%b9%96%e3%81%ae%e9%87%a3%e3%82%8a%e3%83%9d%e3%82%a4%e3%83%b3%e3%83%88%e7%b4%b9%e4%bb%8b/

庄内湖～奥浜名湖の釣りポイント紹介～,https://cho-hamanako.info/2024/08/%e5%ba%84%e5%86%85%e6%b9%96%ef%bd%9e%e5%a5%a5%e6%b5%9c%e5%90%8d%e6%b9%96%e3%81%ae%e9%87%a3%e3%82%8a%e3%83%9d%e3%82%a4%e3%83%b3%e3%83%88%e7%b4%b9%e4%bb%8b%ef%bd%9e/

ホトニクス下（通称：マイマイ）～奥浜名湖の釣りポイント紹介～,https://cho-hamanako.info/2024/08/%e3%83%9b%e3%83%88%e3%83%8b%e3%82%af%e3%82%b9%e4%b8%8b%ef%bc%88%e9%80%9a%e7%a7%b0%ef%bc%9a%e3%83%9e%e3%82%a4%e3%83%9e%e3%82%a4%ef%bc%89%ef%bd%9e%e5%a5%a5%e6%b5%9c%e5%90%8d%e6%b9%96%e3%81%ae%e9%87%a3/

伊目～奥浜名湖の釣りポイント紹介～,https://cho-hamanako.info/2024/08/%e4%bc%8a%e7%9b%ae%ef%bd%9e%e5%a5%a5%e6%b5%9c%e5%90%8d%e6%b9%96%e3%81%ae%e9%87%a3%e3%82%8a%e3%83%9d%e3%82%a4%e3%83%b3%e3%83%88%e7%b4%b9%e4%bb%8b%ef%bd%9e/

瀬戸水道～奥浜名湖の釣りポイント紹介～,https://cho-hamanako.info/2024/08/%e7%80%ac%e6%88%b8%e6%b0%b4%e9%81%93%ef%bd%9e%e5%a5%a5%e6%b5%9c%e5%90%8d%e6%b9%96%e3%81%ae%e9%87%a3%e3%82%8a%e3%83%9d%e3%82%a4%e3%83%b3%e3%83%88%e7%b4%b9%e4%bb%8b%ef%bd%9e/

気賀・寸座～奥浜名湖の釣りポイント紹介～,https://cho-hamanako.info/2024/08/%e6%b0%97%e8%b3%80%e3%83%bb%e5%af%b8%e5%ba%a7%ef%bd%9e%e5%a5%a5%e6%b5%9c%e5%90%8d%e6%b9%96%e3%81%ae%e9%87%a3%e3%82%8a%e3%83%9d%e3%82%a4%e3%83%b3%e3%83%88%e7%b4%b9%e4%bb%8b%ef%bd%9e/

猪鼻湖（三ヶ日）～奥浜名湖の釣りポイント紹介～,https://cho-hamanako.info/2024/08/%e7%8c%aa%e9%bc%bb%e6%b9%96%ef%bc%88%e4%b8%89%e3%83%b6%e6%97%a5%ef%bc%89%ef%bd%9e%e5%a5%a5%e6%b5%9c%e5%90%8d%e6%b9%96%e3%81%ae%e9%87%a3%e3%82%8a%e3%83%9d%e3%82%a4%e3%83%b3%e3%83%88%e7%b4%b9%e4%bb%8b/

都田川河口～奥浜名湖の釣りポイント紹介～,https://cho-hamanako.info/2024/08/%e9%83%bd%e7%94%b0%e5%b7%9d%e6%b2%b3%e5%8f%a3%ef%bd%9e%e5%a5%a5%e6%b5%9c%e5%90%8d%e6%b9%96%e3%81%ae%e9%87%a3%e3%82%8a%e3%83%9d%e3%82%a4%e3%83%b3%e3%83%88%e7%b4%b9%e4%bb%8b%ef%bd%9e/

佐久米海岸～奥浜名湖の釣りポイント紹介～,https://cho-hamanako.info/2024/08/%e4%bd%90%e4%b9%85%e7%b1%b3%e6%b5%b7%e5%b2%b8%ef%bd%9e%e5%a5%a5%e6%b5%9c%e5%90%8d%e6%b9%96%e3%81%ae%e9%87%a3%e3%82%8a%e3%83%9d%e3%82%a4%e3%83%b3%e3%83%88%e7%b4%b9%e4%bb%8b%ef%bd%9e/

家族で安心！浜名湖で車横付け可能な釣り場と設備充実のスポット,https://cho-hamanako.info/2024/09/%e5%ae%b6%e6%97%8f%e3%81%a7%e5%ae%89%e5%bf%83%ef%bc%81%e6%b5%9c%e5%90%8d%e6%b9%96%e3%81%a7%e8%bb%8a%e6%a8%aa%e4%bb%98%e3%81%91%e5%8f%af%e8%83%bd%e3%81%aa%e9%87%a3%e3%82%8a%e5%a0%b4%e3%81%a8%e8%a8%ad/

当サイトについて,https://cho-hamanako.info/%e5%bd%93%e3%82%b5%e3%82%a4%e3%83%88%e3%81%ab%e3%81%a4%e3%81%84%e3%81%a6/

浜名湖クロダイ釣り完全ガイド！おすすめポイントと釣り方,https://cho-hamanako.info/2024/09/%e6%b5%9c%e5%90%8d%e6%b9%96%e3%81%a7%e3%82%af%e3%83%ad%e3%83%80%e3%82%a4%e9%87%a3%e3%82%8a%e3%82%92%e6%a5%bd%e3%81%97%e3%82%80%ef%bc%81%e3%81%8a%e3%81%99%e3%81%99%e3%82%81%e3%83%9d%e3%82%a4%e3%83%b3/

今月は何が釣れる？浜名湖釣魚カレンダーを公開,https://cho-hamanako.info/2024/09/%e4%bb%8a%e4%bd%95%e3%81%8c%e9%87%a3%e3%82%8c%e3%82%8b%ef%bc%9f%e6%b5%9c%e5%90%8d%e6%b9%96%e9%87%a3%e9%ad%9a%e3%82%ab%e3%83%ac%e3%83%b3%e3%83%80%e3%83%bc%e3%82%92%e5%85%ac%e9%96%8b/

魚釣り中に雷が…！知っておくべき安全対策と釣果への影響,https://cho-hamanako.info/2024/09/%e9%ad%9a%e9%87%a3%e3%82%8a%e4%b8%ad%e3%81%ab%e9%9b%b7%e3%81%8c%e9%b3%b4%e3%81%a3%e3%81%9f%e3%82%89%ef%bc%9f%e7%9f%a5%e3%81%a3%e3%81%a6%e3%81%8a%e3%81%8f%e3%81%b9%e3%81%8d%e5%ae%89%e5%85%a8%e5%af%be/
混雑を避けれる浜名湖の穴場ポイントを紹介,https://cho-hamanako.info/2024/09/%e6%b5%9c%e5%90%8d%e6%b9%96%e5%86%85%e3%81%a7%e7%ab%b6%e4%ba%89%e7%8e%87%e3%81%af%e4%bd%8e%e3%81%84%e3%81%91%e3%81%a9%e9%87%a3%e6%9e%9c%e3%81%ab%e6%9c%9f%e5%be%85%e3%81%a7%e3%81%8d%e3%82%8b%e6%bf%80/

9月の浜名湖でおすすめの釣りポイント14選,https://cho-hamanako.info/2024/09/9%e6%9c%88%e3%81%ae%e6%b5%9c%e5%90%8d%e6%b9%96%e3%81%a7%e3%81%8a%e3%81%99%e3%81%99%e3%82%81%e3%81%ae%e9%87%a3%e3%82%8a%e3%83%9d%e3%82%a4%e3%83%b3%e3%83%886%e9%81%b8/
10月の浜名湖でおすすめの釣りポイント11選,https://cho-hamanako.info/2024/09/10%e6%9c%88%e3%81%ae%e6%b5%9c%e5%90%8d%e6%b9%96%e3%81%a7%e3%81%8a%e3%81%99%e3%81%99%e3%82%81%e3%81%ae%e9%87%a3%e3%82%8a%e3%83%9d%e3%82%a4%e3%83%b3%e3%83%888%e9%81%b8/
11月の浜名湖でおすすめの釣りポイント9選,https://cho-hamanako.info/2024/10/11%e6%9c%88%e3%81%ae%e6%b5%9c%e5%90%8d%e6%b9%96%e3%81%a7%e3%81%8a%e3%81%99%e3%81%99%e3%82%81%e3%81%ae%e9%87%a3%e3%82%8a%e3%83%9d%e3%82%a4%e3%83%b3%e3%83%885%e9%81%b8/
12月の浜名湖でおすすめの釣りポイント10選,https://cho-hamanako.info/2024/10/12%e6%9c%88%e3%81%ae%e6%b5%9c%e5%90%8d%e6%b9%96%e3%81%a7%e3%81%8a%e3%81%99%e3%81%99%e3%82%81%e3%81%ae%e9%87%a3%e3%82%8a%e3%83%9d%e3%82%a4%e3%83%b3%e3%83%88/

浜名湖スズキ（シーバス）釣り完全ガイド！おすすめシーズンと釣り方ガイド,https://cho-hamanako.info/2024/10/%e6%b5%9c%e5%90%8d%e6%b9%96%e3%81%a7%e3%82%b9%e3%82%ba%e3%82%ad%ef%bc%88%e3%82%b7%e3%83%bc%e3%83%90%e3%82%b9%ef%bc%89%e9%87%a3%e3%82%8a%e3%81%ae%e3%81%8a%e3%81%99%e3%81%99%e3%82%81%e3%83%9d%e3%82%a4/

弁天島海浜公園～表浜名湖のポイント紹介～,https://cho-hamanako.info/2024/10/%e5%bc%81%e5%a4%a9%e5%b3%b6%e6%b5%b7%e6%b5%9c%e5%85%ac%e5%9c%92%ef%bd%9e%e8%a1%a8%e6%b5%9c%e5%90%8d%e6%b9%96%e3%81%ae%e3%83%9d%e3%82%a4%e3%83%b3%e3%83%88%e7%b4%b9%e4%bb%8b%ef%bd%9e/
浜名湖キビレ釣り完全ガイド！おすすめのシーズンと釣り方を紹介,https://cho-hamanako.info/2024/10/%e6%b5%9c%e5%90%8d%e6%b9%96%e3%81%a7%e3%82%ad%e3%83%93%e3%83%ac%e3%82%92%e9%87%a3%e3%82%8b%e3%81%8a%e3%81%99%e3%81%99%e3%82%81%e3%81%ae%e3%83%9d%e3%82%a4%e3%83%b3%e3%83%88%e3%81%a8%e6%96%b9%e6%b3%95/

【必見！】浜名湖メバル釣り方完全ガイド！初心者からベテランまで,https://cho-hamanako.info/2024/11/%e6%b5%9c%e5%90%8d%e6%b9%96%e3%81%a7%e3%83%a1%e3%83%90%e3%83%ab%e3%82%92%e9%87%a3%e3%82%8b%e6%96%b9%e6%b3%95%ef%bd%9e%e5%88%9d%e5%bf%83%e8%80%85%e3%81%8b%e3%82%89%e4%b8%8a%e7%b4%9a%e8%80%85%e3%81%be/

1月の浜名湖でおすすめの釣りポイント10選,https://cho-hamanako.info/2024/11/1%e6%9c%88%e3%81%ae%e6%b5%9c%e5%90%8d%e6%b9%96%e3%81%a7%e7%8b%99%e3%81%88%e3%82%8b%ef%bc%81%e9%87%a3%e3%82%8a%e4%ba%ba%e3%81%8a%e3%81%99%e3%81%99%e3%82%81%e3%83%9d%e3%82%a4%e3%83%b3%e3%83%88%e3%81%a8/
【初心者必見】冬の浜名湖でカレイを釣る方法！おすすめ釣り場と実績あるテクニック,https://cho-hamanako.info/2024/11/%e3%80%90%e5%88%9d%e5%bf%83%e8%80%85%e5%bf%85%e8%a6%8b%e3%80%91%e5%86%ac%e3%81%ae%e6%b5%9c%e5%90%8d%e6%b9%96%e3%81%a7%e3%82%ab%e3%83%ac%e3%82%a4%e3%82%92%e9%87%a3%e3%82%8b%e6%96%b9%e6%b3%95%ef%bc%81/
【浜名湖】キス釣りのベストポイント5選！初心者からベテランまで対応する釣り方も紹介,https://cho-hamanako.info/2024/11/%e6%b5%9c%e5%90%8d%e6%b9%96%e3%82%b7%e3%83%ad%e3%82%ae%e3%82%b9%e9%87%a3%e3%82%8a%e3%81%ae%e3%83%99%e3%82%b9%e3%83%88%e3%83%9d%e3%82%a4%e3%83%b3%e3%83%885%e9%81%b8%ef%bc%81%e5%88%9d%e5%bf%83%e8%80%85/
浜名湖パークビレッジ付近～表浜名湖の釣りポイント紹介～,https://cho-hamanako.info/2024/11/%e6%b5%9c%e5%90%8d%e6%b9%96%e3%83%91%e3%83%bc%e3%82%af%e3%83%93%e3%83%ac%e3%83%83%e3%82%b8%e4%bb%98%e8%bf%91%ef%bd%9e%e8%a1%a8%e6%b5%9c%e5%90%8d%e6%b9%96%e3%81%ae%e9%87%a3%e3%82%8a%e3%83%9d%e3%82%a4/
浜名湖ハゼ釣り完全ガイド！釣り方・釣り場・ベストシーズンを解説,https://cho-hamanako.info/2024/11/%e3%80%90%e5%ae%8c%e5%85%a8%e3%82%ac%e3%82%a4%e3%83%89%e3%80%91%e6%b5%9c%e5%90%8d%e6%b9%96%e3%81%a7%e3%83%8f%e3%82%bc%e9%87%a3%e3%82%8a%e3%82%92%e6%a5%bd%e3%81%97%e3%82%80%ef%bc%81%e3%81%8a%e3%81%99/
浜名湖でタチウオを釣るには？おすすめの釣り場を徹底解説,https://cho-hamanako.info/2024/11/%e6%b5%9c%e5%90%8d%e6%b9%96%e3%81%a7%e3%82%bf%e3%83%81%e3%82%a6%e3%82%aa%e3%82%92%e9%87%a3%e3%82%8b%e3%81%aa%e3%82%89%e3%81%93%e3%81%93%ef%bc%81%e3%81%8a%e3%81%99%e3%81%99%e3%82%81%e9%87%a3%e3%82%8a/
浜名湖でカワハギを釣る方法完全ガイド！釣れる時期・おすすめエサ・タックルを解説,https://cho-hamanako.info/2024/11/%e6%b5%9c%e5%90%8d%e6%b9%96%e3%81%a7%e3%82%ab%e3%83%af%e3%83%8f%e3%82%ae%e3%82%92%e9%87%a3%e3%82%8b%e6%96%b9%e6%b3%95%e5%ae%8c%e5%85%a8%e3%82%ac%e3%82%a4%e3%83%89%ef%bc%81%e9%87%a3%e3%82%8c%e3%82%8b/
浜名湖でサヨリを釣る方法！おすすめのシーズン・釣り方・ポイントを徹底解説,https://cho-hamanako.info/2024/11/%e6%b5%9c%e5%90%8d%e6%b9%96%e3%81%a7%e3%82%b5%e3%83%a8%e3%83%aa%e3%82%92%e9%87%a3%e3%82%8b%e6%96%b9%e6%b3%95%ef%bc%81%e3%81%8a%e3%81%99%e3%81%99%e3%82%81%e3%81%ae%e3%82%b7%e3%83%bc%e3%82%ba%e3%83%b3/
浜名湖でサビキ釣りを楽しもう！おすすめのシーズン・釣り方・釣れる魚種と釣り人の評価,https://cho-hamanako.info/2024/11/%e6%b5%9c%e5%90%8d%e6%b9%96%e3%81%a7%e3%82%b5%e3%83%93%e3%82%ad%e9%87%a3%e3%82%8a%e3%82%92%e6%a5%bd%e3%81%97%e3%82%82%e3%81%86%ef%bc%81%e3%81%8a%e3%81%99%e3%81%99%e3%82%81%e3%81%ae%e3%82%b7%e3%83%bc/
浜名湖で楽しむアジングの醍醐味：評価の高いポイント・タックル・最適シーズン解説,https://cho-hamanako.info/2024/11/%e6%b5%9c%e5%90%8d%e6%b9%96%e3%81%a7%e6%a5%bd%e3%81%97%e3%82%80%e3%82%a2%e3%82%b8%e3%83%b3%e3%82%b0%e3%81%ae%e9%86%8d%e9%86%90%e5%91%b3%ef%bc%9a%e8%a9%95%e4%be%a1%e3%81%ae%e9%ab%98%e3%81%84%e3%83%9d/

湖南高校周辺～中浜名湖のポイント紹介～,https://cho-hamanako.info/2024/11/omote-hamanako-konankoukou/
浜名湖で30種類釣った私が教える！エサvsルアー最強攻略法,https://cho-hamanako.info/2024/11/%e6%b5%9c%e5%90%8d%e6%b9%96%e3%81%ae%e9%ad%9a%e3%82%92%e5%85%a8%e3%81%a6%e9%87%a3%e3%82%8b%e3%81%ab%e3%81%af%ef%bc%9f%e3%82%a8%e3%82%b5%e9%87%a3%e3%82%8a%e3%81%a8%e3%83%ab%e3%82%a2%e3%83%bc%e9%87%a3/

浜名湖でおすすめのウェーディングポイント10選と注意点,https://cho-hamanako.info/2024/11/%e6%b5%9c%e5%90%8d%e6%b9%96%e3%81%a7%e3%81%8a%e3%81%99%e3%81%99%e3%82%81%e3%81%ae%e3%82%a6%e3%82%a7%e3%83%bc%e3%83%87%e3%82%a3%e3%83%b3%e3%82%b0%e3%83%9d%e3%82%a4%e3%83%b3%e3%83%8810%e9%81%b8%e3%81%a8/

浜名湖全域の水深をネットで知る方法があります,https://cho-hamanako.info/2024/11/%e9%87%a3%e3%82%8a%e3%81%ab%e3%82%81%e3%81%a3%e3%81%a1%e3%82%83%e5%bd%b9%e7%ab%8b%e3%81%a4%ef%bc%81%e6%b5%9c%e5%90%8d%e6%b9%96%e5%85%a8%e5%9f%9f%e3%81%ae%e6%b0%b4%e6%b7%b1%e3%82%92%e7%9f%a5%e3%82%8b/
浜名湖周辺にある釣具店をエリア別やおすすめでまとめました,https://cho-hamanako.info/2024/11/%e6%b5%9c%e5%90%8d%e6%b9%96%e5%91%a8%e8%be%ba%e3%81%ab%e3%81%82%e3%82%8b%e9%87%a3%e5%85%b7%e5%ba%97%e3%82%92%e3%82%a8%e3%83%aa%e3%82%a2%e5%88%a5%e3%82%84%e3%81%8a%e3%81%99%e3%81%99%e3%82%81%e3%81%a7/
浜名湖でカサゴを釣りたいならここ！おすすめの仕掛けやエサもまとめてます,https://cho-hamanako.info/2024/12/tactics-fish-kasago/

ライブカメラで浜名湖の海況を知る方法,https://cho-hamanako.info/2024/12/%e9%87%a3%e3%82%8a%e3%81%ab%e8%a1%8c%e3%81%8f%e7%9b%b4%e5%89%8d%e3%80%81%e6%b5%9c%e5%90%8d%e6%b9%96%e3%81%ae%e7%8a%b6%e6%b3%81%e3%82%92%e3%83%a9%e3%82%a4%e3%83%96%e3%82%ab%e3%83%a1%e3%83%a9%e3%82%84/

2月の浜名湖でおすすめの釣りポイント11選,https://cho-hamanako.info/2024/12/2%e6%9c%88%e3%81%ae%e6%b5%9c%e5%90%8d%e6%b9%96%e3%81%a7%e3%81%8a%e3%81%99%e3%81%99%e3%82%81%e3%81%ae%e9%87%a3%e3%82%8a%e3%83%9d%e3%82%a4%e3%83%b3%e3%83%886%e9%81%b8/
3月の浜名湖でおすすめの釣りポイント9選,https://cho-hamanako.info/2025/01/3%e6%9c%88%e3%81%ae%e6%b5%9c%e5%90%8d%e6%b9%96%e3%81%a7%e3%81%8a%e3%81%99%e3%81%99%e3%82%81%e3%81%ae%e9%87%a3%e3%82%8a%e3%83%9d%e3%82%a4%e3%83%b3%e3%83%889%e9%81%b8/
4月の浜名湖でおすすめの釣りポイント7選,https://cho-hamanako.info/2025/02/4%e6%9c%88%e3%81%ae%e6%b5%9c%e5%90%8d%e6%b9%96%e3%81%a7%e3%81%8a%e3%81%99%e3%81%99%e3%82%81%e3%81%ae%e9%87%a3%e3%82%8a%e3%83%9d%e3%82%a4%e3%83%b3%e3%83%888%e9%81%b8/
5月の浜名湖でおすすめの釣りポイント11選,https://cho-hamanako.info/2025/02/5%e6%9c%88%e3%81%ae%e6%b5%9c%e5%90%8d%e6%b9%96%e3%81%a7%e3%81%8a%e3%81%99%e3%81%99%e3%82%81%e3%81%ae%e9%87%a3%e3%82%8a%e3%83%9d%e3%82%a4%e3%83%b3%e3%83%889%e9%81%b8/
6月の浜名湖でおすすめの釣りポイント11選,https://cho-hamanako.info/2025/02/6%e6%9c%88%e3%81%ae%e6%b5%9c%e5%90%8d%e6%b9%96%e3%81%a7%e3%81%8a%e3%81%99%e3%81%99%e3%82%81%e3%81%ae%e9%87%a3%e3%82%8a%e3%83%9d%e3%82%a4%e3%83%b3%e3%83%889%e9%81%b8/
7月の浜名湖でおすすめの釣りポイント10選,https://cho-hamanako.info/2025/02/7%e6%9c%88%e3%81%ae%e6%b5%9c%e5%90%8d%e6%b9%96%e3%81%a7%e3%81%8a%e3%81%99%e3%81%99%e3%82%81%e3%81%ae%e9%87%a3%e3%82%8a%e3%83%9d%e3%82%a4%e3%83%b3%e3%83%887%e9%81%b8/
8月の浜名湖でおすすめの釣りポイント15選,https://cho-hamanako.info/2025/02/8%e6%9c%88%e3%81%ae%e6%b5%9c%e5%90%8d%e6%b9%96%e3%81%a7%e3%81%8a%e3%81%99%e3%81%99%e3%82%81%e3%81%ae%e9%87%a3%e3%82%8a%e3%83%9d%e3%82%a4%e3%83%b3%e3%83%8810%e9%81%b8/
浜名湖で使われる釣りエサを紹介！魚種に合わせたおすすめも,https://cho-hamanako.info/2025/08/%e6%b5%9c%e5%90%8d%e6%b9%96%e3%81%a7%e4%bd%bf%e3%82%8f%e3%82%8c%e3%82%8b%e9%87%a3%e3%82%8a%e3%82%a8%e3%82%b5%e3%82%92%e7%b4%b9%e4%bb%8b%ef%bc%81%e9%ad%9a%e7%a8%ae%e3%81%ab%e5%90%88%e3%82%8f%e3%81%9b/
浜名湖の水温をチェックできる有能なウェブサイトを紹介,https://cho-hamanako.info/2025/01/%e6%b5%9c%e5%90%8d%e6%b9%96%e3%81%ae%e6%b0%b4%e6%b8%a9%e3%82%92%e3%83%81%e3%82%a7%e3%83%83%e3%82%af%e3%81%a7%e3%81%8d%e3%82%8b%e6%9c%89%e8%83%bd%e3%81%aa%e3%82%a6%e3%82%a7%e3%83%96%e3%82%b5%e3%82%a4/
乙女園（うなぎ観音）～表浜名湖の釣りポイント紹介～,https://cho-hamanako.info/2025/02/%e4%b9%99%e5%a5%b3%e5%9c%92%ef%bc%88%e3%81%86%e3%81%aa%e3%81%8e%e8%a6%b3%e9%9f%b3%ef%bc%89%ef%bd%9e%e8%a1%a8%e6%b5%9c%e5%90%8d%e6%b9%96%e3%81%ae%e9%87%a3%e3%82%8a%e3%83%9d%e3%82%a4%e3%83%b3%e3%83%88/
浜名湖でメジナを釣る方法のまとめ！初心者にも釣りやすく引き味もいいターゲット,https://cho-hamanako.info/2025/04/%e6%b5%9c%e5%90%8d%e6%b9%96%e3%81%a7%e3%83%a1%e3%82%b8%e3%83%8a%e3%82%92%e9%87%a3%e3%82%8b%e6%96%b9%e6%b3%95%e3%81%ae%e3%81%be%e3%81%a8%e3%82%81%ef%bc%81%e5%88%9d%e5%bf%83%e8%80%85%e3%81%ab%e3%82%82/
浜名湖タコ釣り完全攻略ガイド2025！初心者からベテランまで必見の実績データ付き攻略法,https://cho-hamanako.info/2025/06/%e6%b5%9c%e5%90%8d%e6%b9%96%e3%82%bf%e3%82%b3%e9%87%a3%e3%82%8a%e5%ae%8c%e5%85%a8%e6%94%bb%e7%95%a5%e3%82%ac%e3%82%a4%e3%83%892025%ef%bc%81%e5%88%9d%e5%bf%83%e8%80%85%e3%81%8b%e3%82%89%e3%83%99/
9月の浜名湖ハゼ釣り完全攻略！サイズアップした秋ハゼを数釣りする方法,https://cho-hamanako.info/2025/09/9%e6%9c%88%e3%81%ae%e6%b5%9c%e5%90%8d%e6%b9%96%e3%83%8f%e3%82%bc%e9%87%a3%e3%82%8a%e5%ae%8c%e5%85%a8%e6%94%bb%e7%95%a5%ef%bc%81%e3%82%b5%e3%82%a4%e3%82%ba%e3%82%a2%e3%83%83%e3%83%97%e3%81%97%e3%81%9f/
9月の浜名湖アジ釣り！サビキでサイズアップした美味しいアジをゲット,https://cho-hamanako.info/2025/09/9%e6%9c%88%e3%81%ae%e6%b5%9c%e5%90%8d%e6%b9%96%e3%82%a2%e3%82%b8%e9%87%a3%e3%82%8a%ef%bc%81%e3%82%b5%e3%83%93%e3%82%ad%e3%81%a7%e3%82%b5%e3%82%a4%e3%82%ba%e3%82%a2%e3%83%83%e3%83%97%e3%81%97%e3%81%9f/
9月の浜名湖投げ釣り五目！キス・カワハギ・ヘダイを一度に狙う贅沢釣法,https://cho-hamanako.info/2025/09/9%e6%9c%88%e3%81%ae%e6%b5%9c%e5%90%8d%e6%b9%96%e6%8a%95%e3%81%92%e9%87%a3%e3%82%8a%e4%ba%94%e7%9b%ae%ef%bc%81%e3%82%ad%e3%82%b9%e3%83%bb%e3%82%ab%e3%83%af%e3%83%8f%e3%82%ae%e3%83%bb%e3%83%98%e3%83%80/
9月の浜名湖でキビレの落ち釣り！夜の電気ウキで40cm超えを狙う,https://cho-hamanako.info/2025/09/9%e6%9c%88%e3%81%ae%e6%b5%9c%e5%90%8d%e6%b9%96%e3%81%a7%e3%82%ad%e3%83%93%e3%83%ac%e3%81%ae%e8%90%bd%e3%81%a1%e9%87%a3%e3%82%8a%ef%bc%81%e5%a4%9c%e3%81%ae%e9%9b%bb%e6%b0%97%e3%82%a6%e3%82%ad%e3%81%a74/
9月の浜名湖シーバス釣りガイド！秋のランカーをルアーで仕留める方法,https://cho-hamanako.info/2025/09/9%e6%9c%88%e3%81%ae%e6%b5%9c%e5%90%8d%e6%b9%96%e3%82%b7%e3%83%bc%e3%83%90%e3%82%b9%e9%87%a3%e3%82%8a%e3%82%ac%e3%82%a4%e3%83%89%ef%bc%81%e7%a7%8b%e3%81%ae%e3%83%a9%e3%83%b3%e3%82%ab%e3%83%bc%e3%82%92/
9月の浜名湖夜釣り完全ガイド！電気ウキでキビレ・シーバス・ヘダイを狙う,https://cho-hamanako.info/2025/09/9%e6%9c%88%e3%81%ae%e6%b5%9c%e5%90%8d%e6%b9%96%e5%a4%9c%e9%87%a3%e3%82%8a%e5%ae%8c%e5%85%a8%e3%82%ac%e3%82%a4%e3%83%89%ef%bc%81%e9%9b%bb%e6%b0%97%e3%82%a6%e3%82%ad%e3%81%a7%e3%82%ad%e3%83%93%e3%83%ac/
9月の浜名湖ボート釣り攻略！マゴチ・シーバス・コウイカを沖から狙う,https://cho-hamanako.info/2025/09/9%e6%9c%88%e3%81%ae%e6%b5%9c%e5%90%8d%e6%b9%96%e3%83%9c%e3%83%bc%e3%83%88%e9%87%a3%e3%82%8a%e6%94%bb%e7%95%a5%ef%bc%81%e3%83%9e%e3%82%b4%e3%83%81%e3%83%bb%e3%82%b7%e3%83%bc%e3%83%90%e3%82%b9%e3%83%bb/
9月の浜名湖カレイ釣り開幕！投げ釣りで狙う秋の美味しいターゲット,https://cho-hamanako.info/2025/09/9%e6%9c%88%e3%81%ae%e6%b5%9c%e5%90%8d%e6%b9%96%e3%82%ab%e3%83%ac%e3%82%a4%e9%87%a3%e3%82%8a%e9%96%8b%e5%b9%95%ef%bc%81%e6%8a%95%e3%81%92%e9%87%a3%e3%82%8a%e3%81%a7%e7%8b%99%e3%81%86%e7%a7%8b%e3%81%ae/
10月の浜名湖ハゼ釣り完全ガイド！秋の大型ハゼを狙う基本テクニック,https://cho-hamanako.info/2025/10/10%e6%9c%88%e3%81%ae%e6%b5%9c%e5%90%8d%e6%b9%96%e3%83%8f%e3%82%bc%e9%87%a3%e3%82%8a%e5%ae%8c%e5%85%a8%e3%82%ac%e3%82%a4%e3%83%89%ef%bc%81%e7%a7%8b%e3%81%ae%e5%a4%a7%e5%9e%8b%e3%83%8f%e3%82%bc%e3%82%92/
10月の浜名湖カレイ釣り最前線！深場攻略と数釣りテクニック,https://cho-hamanako.info/2025/10/10%e6%9c%88%e3%81%ae%e6%b5%9c%e5%90%8d%e6%b9%96%e3%82%ab%e3%83%ac%e3%82%a4%e9%87%a3%e3%82%8a%e6%9c%80%e5%89%8d%e7%b7%9a%ef%bc%81%e6%b7%b1%e5%a0%b4%e6%94%bb%e7%95%a5%e3%81%a8%e6%95%b0%e9%87%a3%e3%82%8a/
10月のカレイ釣りポイント5選！投げ釣りで狙う浜名湖の美味しいターゲット,https://cho-hamanako.info/2025/10/10%e6%9c%88%e3%81%ae%e3%82%ab%e3%83%ac%e3%82%a4%e9%87%a3%e3%82%8a%e3%83%9d%e3%82%a4%e3%83%b3%e3%83%885%e9%81%b8%ef%bc%81%e6%8a%95%e3%81%92%e9%87%a3%e3%82%8a%e3%81%a7%e7%8b%99%e3%81%86%e6%b5%9c/
【初心者必見】浜名湖釣りのルールとマナー完全ガイド｜罰金・禁止事項も解説,https://cho-hamanako.info/2025/10/%e3%80%90%e5%88%9d%e5%bf%83%e8%80%85%e5%bf%85%e8%a6%8b%e3%80%91%e6%b5%9c%e5%90%8d%e6%b9%96%e9%87%a3%e3%82%8a%e3%81%ae%e3%83%ab%e3%83%bc%e3%83%ab%e3%81%a8%e3%83%9e%e3%83%8a%e3%83%bc%e5%ae%8c%e5%85%a8/
【秋の浜名湖】初心者におすすめ!ハゼ・アジ釣り入門ガイド,https://cho-hamanako.info/2025/10/%e3%80%90%e7%a7%8b%e3%81%ae%e6%b5%9c%e5%90%8d%e6%b9%96%e3%80%91%e5%88%9d%e5%bf%83%e8%80%85%e3%81%ab%e3%81%8a%e3%81%99%e3%81%99%e3%82%81%e3%83%8f%e3%82%bc%e3%83%bb%e3%82%a2%e3%82%b8%e9%87%a3%e3%82%8a/
冬の浜名湖釣りガイド｜初心者向けの釣り方とおすすめポイント,https://cho-hamanako.info/2025/10/%e5%86%ac%e3%81%ae%e6%b5%9c%e5%90%8d%e6%b9%96%e9%87%a3%e3%82%8a%e3%82%ac%e3%82%a4%e3%83%89%ef%bd%9c%e5%88%9d%e5%bf%83%e8%80%85%e5%90%91%e3%81%91%e3%81%ae%e9%87%a3%e3%82%8a%e6%96%b9%e3%81%a8%e3%81%8a/
夏の浜名湖釣り入門｜サビキ・タコ釣りで子供も大満足！,https://cho-hamanako.info/2025/10/%e5%a4%8f%e3%81%ae%e6%b5%9c%e5%90%8d%e6%b9%96%e9%87%a3%e3%82%8a%e5%85%a5%e9%96%80%ef%bd%9c%e3%82%b5%e3%83%93%e3%82%ad%e3%83%bb%e3%82%bf%e3%82%b3%e9%87%a3%e3%82%8a%e3%81%a7%e5%ad%90%e4%be%9b%e3%82%82/
【春の浜名湖】初心者でも釣れる！おすすめの釣り方3選とポイント紹介,https://cho-hamanako.info/2025/10/%e3%80%90%e6%98%a5%e3%81%ae%e6%b5%9c%e5%90%8d%e6%b9%96%e3%80%91%e5%88%9d%e5%bf%83%e8%80%85%e3%81%a7%e3%82%82%e9%87%a3%e3%82%8c%e3%82%8b%ef%bc%81%e3%81%8a%e3%81%99%e3%81%99%e3%82%81%e3%81%ae%e9%87%a3/
10月の浜名湖投げ釣り入門！カワハギ・ヘダイを狙う基本の五目釣り,https://cho-hamanako.info/2025/10/10%e6%9c%88%e3%81%ae%e6%b5%9c%e5%90%8d%e6%b9%96%e6%8a%95%e3%81%92%e9%87%a3%e3%82%8a%e5%85%a5%e9%96%80%ef%bc%81%e3%82%ab%e3%83%af%e3%83%8f%e3%82%ae%e3%83%bb%e3%83%98%e3%83%80%e3%82%a4%e3%82%92%e7%8b%99/
10月の浜名湖ボート釣り攻略！コウイカエギングとワインド釣法の使い分け,https://cho-hamanako.info/2025/10/952/
浜名湖でヒラメが釣れる季節！11月の堤防＆サーフ攻略法,https://cho-hamanako.info/2025/11/hirame-hama-11/
浜名湖奥エリアで晩秋のキビレを狙う！電気ウキ釣りのコツ,https://cho-hamanako.info/2025/11/11bansyu-kibire-float/
新居弁天海釣公園で手軽に釣れる魚5選｜11月でも釣果あり！,https://cho-hamanako.info/2025/11/araibenten-11-5select/
初心者でも楽しめる！浜名湖のハゼ釣り納めガイド【湖南高校〜志都呂】,https://cho-hamanako.info/2025/11/beginner-haze-konanch/
シンペンで狙う晩秋のシーバス攻略｜浜名湖中之島・渚園エリア,https://cho-hamanako.info/2025/11/bansyu-seabass-area/
浜名湖のカワハギ釣り最終戦！肝パン狙いの投げ仕掛け完全解説,https://cho-hamanako.info/2025/11/11gatu-hamakawahagi-rec/
冬の足音とともに始まる！浜名湖メバルの夜釣りシーズン開幕,https://cho-hamanako.info/2025/11/mebaru-yoduri-11gatu/
浜名湖でカレイを狙うなら今！11月の投げ釣りタックルと実績ポイント,https://cho-hamanako.info/2025/11/hama11-karei-jsseki/
浜名湖のイカ釣り完全ガイド｜アオリイカ＆コウイカの時期・ポイント・エギング攻略,https://cho-hamanako.info/2025/11/hamanako-egging-technic-timepoint/
浜名湖でアオリイカを釣る！秋の最盛期と春のコウイカ攻略ガイド【初心者OK】,https://cho-hamanako.info/2025/11/hamanako-aorisq-bignner-guide/
浜名湖エギング入門｜アオリイカの釣れる時期・ポイント・必要タックルをまとめて紹介,https://cho-hamanako.info/2025/11/egingu-nyumon-guide/
浜名湖の冬釣りに必要な防寒装備｜気温1桁でも快適に釣るための完全ガイド,https://cho-hamanako.info/2025/12/hamanako-winter-boukanbest/
浜名湖12月の釣り完全ガイド｜冬に釣れる魚とおすすめポイント,https://cho-hamanako.info/2025/12/hamanako-12season-fishguide/
浜名湖メバル攻略｜12~3月の最盛期メバリング完全ガイド,https://cho-hamanako.info/2025/12/hamanako-mebaru-winter-ptactics/
新居弁天海釣公園の12月｜冬でも釣れる魚と釣り方を徹底解説,https://cho-hamanako.info/2025/12/araibenten-12m-winter-fishguide/
【浜名湖ライトゲーム攻略】12月～2月のメバル・カサゴ鉄板ポイント,https://cho-hamanako.info/2025/12/winter12-3-lightgame-rockfish/
【浜名湖冬チヌ攻略】12月～2月の深場狙いと前打ち・電気ウキ釣りの極意,https://cho-hamanako.info/2025/12/hamana-winter-tinu-tactics/
【釣果安定】浜名湖でカサゴを釣る！冬の狙い目ポイントと簡単仕掛け,https://cho-hamanako.info/2025/12/hamana-kasago-bignner-winter/
浜名湖シーバス冬の陣：ランカー狙い撃ちポイントと必釣テクニック,https://cho-hamanako.info/2025/12/seabass-winter-pointtactics/
【2026初釣り】浜名湖の冬は「穴釣り」一択！坊主逃れの最終兵器とおすすめポイント,https://cho-hamanako.info/2026/01/2026-anazuri-guide/
【厳選】浜名湖周辺の頼れる釣具店5選！早朝営業・24hエサ・地域密着の強みを比較,https://cho-hamanako.info/2026/01/hamanako-tsurigushop-choice/
冬の「メバリング」入門！浜名湖で数少ない高活性ターゲットをルアーで狙うコツ,https://cho-hamanako.info/2026/01/winter-mebaru-beginner/
釣れなくても旨い！冬の「カレイ・ヒラメ」狙いと舞阪「牡蠣小屋」グルメ満喫プラン,https://cho-hamanako.info/2026/01/winter-flat-oyster/
2月中旬開幕！浜名湖「バチ抜けシーバス」攻略準備。今のうちに揃えるべきルアーとポイント,https://cho-hamanako.info/2026/01/hamanako-bachinuke-seabuss/
【シーズン展望】2月の浜名湖は何が釣れる？「厳寒期」のターゲットと傾向まとめ,https://cho-hamanako.info/2026/02/feb-season-forecast/
【魚種別・釣り方】春を告げる魚をルアーで攻略！「浜名湖メバリング」基礎講座,https://cho-hamanako.info/2026/02/feb-mebaring-guide/
【装備・マナー】真冬の浜名湖は風との戦い！落水事故から学ぶ「命を守る」寒さ対策,https://cho-hamanako.info/2026/02/winter-safety-wind/
【ポイント紹介】真冬のファミリーフィッシングの聖地「砂揚げ場」徹底ガイド,https://cho-hamanako.info/2026/02/sunaageba-guide-feb/
【魚種別・ポイント】陸から深場を撃て！越冬ハゼ・キビレロングキャスト攻略（松見ヶ浦・ホトニクス下）,https://cho-hamanako.info/2026/02/deep-haze-kibire/
【ポイント紹介】冬のシーバス・カレイの聖地「松見ヶ浦」ガイド,https://cho-hamanako.info/2026/02/matsumigaura-guide-winter/
【ポイント・予報】浜名湖バチ抜けシーバス開幕！「シーズンの合図」と初期の有力エリア,https://cho-hamanako.info/2026/02/bachinuke-forecast/
【タックル・ルアー】浜名湖バチ抜け攻略の決定版！「必釣シンペン＆ロッド」セレクト,https://cho-hamanako.info/2026/02/bachinuke-tackle/
釣り人こそ筋トレを！冬のオフシーズンに自宅でできる基礎体力作り,https://cho-hamanako.info/2026/02/winter-training-home/
本気で釣果を伸ばすなら？24時間ジムvsパーソナル、どっちが釣り人に向いているか,https://cho-hamanako.info/2026/02/training-gym-personal/
浜名湖ウェーディングは下半身が命！水流に負けない体幹トレーニングと転倒防止,https://cho-hamanako.info/2026/02/wading-safety-core/
