上位のクエリ,クリック数,表示回数,CTR,掲載順位
猪鼻湖 釣り,252,667,37.78%,2.49
浜名湖 釣り禁止,198,943,21%,3.61
浜名湖釣り 車 横付け,191,1230,15.53%,3.26
浜名湖 キス釣り,125,516,24.22%,3.65
渚園 釣り,125,448,27.9%,2.59
浜名湖キス釣りポイント,121,352,34.38%,2.88
浜名湖 キス,105,418,25.12%,3.44
都田川 釣り,99,889,11.14%,3.4
浜名湖 冬 釣り,98,364,26.92%,3.07
奥浜名湖 釣りスポット,88,286,30.77%,3.55
浜名湖 シーバス ポイント,86,412,20.87%,6.14
浜名湖 水深図,81,342,23.68%,1.29
浜名湖 バチ抜け,77,188,40.96%,2.19
浜名湖 内浦 釣り,76,163,46.63%,1.58
都田川 シーバス,75,290,25.86%,1.85
浜名湖 アジング ポイント,74,628,11.78%,5.82
都田川河口,74,254,29.13%,1.92
浜名湖 キス釣り ポイント,71,215,33.02%,2.89
浜名湖 釣り禁止エリア,70,182,38.46%,3.65
猪鼻湖 釣り ポイント,70,128,54.69%,2.47
浜名湖パークビレッジ 釣り,68,147,46.26%,1.5
舘山寺 釣り,65,248,26.21%,2.9
村櫛漁港 釣り,64,144,44.44%,1.17
浜名湖 ハゼ釣り ポイント,63,698,9.03%,6.95
浜名湖 11月 釣り,62,151,41.06%,2.07
浜名湖 タチウオ,60,334,17.96%,4.46
浜名湖 釣り 車 横付け,58,337,17.21%,3.06
渚園 釣り ポイント,55,210,26.19%,2.23
浜名湖 カレイ,55,175,31.43%,4.1
奥浜名湖 釣り,53,400,13.25%,5.78
浜名湖 釣り情報 キス,51,543,9.39%,6.24
浜松 キス釣り ポイント,51,141,36.17%,2.09
浜名湖 キス ポイント,51,124,41.13%,2.25
浜松 キス釣り,50,245,20.41%,4.65
浜名湖 12月 釣り,50,131,38.17%,2.31
浜名湖 アジング,48,637,7.54%,6.35
浜名湖キス釣り,46,260,17.69%,3.62
浜名湖 釣具屋,45,423,10.64%,2.5
浜名湖 穴釣り,45,234,19.23%,4.25
浜名湖ハゼ釣りポイント,44,422,10.43%,6.84
浜名湖シーバスポイント,44,263,16.73%,7.46
浜名湖 2月 釣り,44,113,38.94%,2.36
村櫛漁港,42,440,9.55%,3.11
浜名湖 中之島,38,424,8.96%,3.62
浜名湖 カサゴ,38,198,19.19%,3.74
奥浜名湖 シーバス ポイント,37,127,29.13%,2.64
今切口 釣り禁止,36,290,12.41%,6.82
浜名湖 マゴチ ポイント,36,176,20.45%,4.62
浜名湖 カサゴ ポイント,35,126,27.78%,3.63
奥浜名湖 釣り ポイント,34,112,30.36%,2.77
浜名湖 カレイ釣り,34,74,45.95%,3.59
浜名湖アジングポイント,32,316,10.13%,6.49
渚園キャンプ場 釣り,32,224,14.29%,3.96
浜名湖 カワハギ,30,426,7.04%,7.18
新居海釣り公園 ライブカメラ,29,5559,0.52%,5.77
浜名湖 シーバス,28,404,6.93%,9.04
浜名湖 メバル,28,265,10.57%,7.09
浜名湖 中之島 釣り,28,127,22.05%,2.61
浜名湖キス釣り 2025,27,151,17.88%,7.49
浜名湖 釣り 冬,27,83,32.53%,2.9
浜名湖カレイ釣り,26,90,28.89%,4.17
浜名湖 水深,25,1014,2.47%,4
浜名湖中之島,25,128,19.53%,3.09
浜名湖釣り禁止エリア,25,81,30.86%,3.36
浜名湖 釣り 11月,25,41,60.98%,1.68
奥浜名湖 チヌ ポイント,24,117,20.51%,5.84
11月 浜名湖 釣り,24,61,39.34%,1.56
中之島 浜名湖,23,207,11.11%,3.08
キス釣り 浜松,23,162,14.2%,4.41
キス釣り 浜名湖,21,79,26.58%,3.38
浜名湖アジング,20,374,5.35%,6.14
弁天島 キス釣り,19,67,28.36%,2.91
都田川 ハゼ,18,247,7.29%,7.36
浜名湖 サヨリ,18,85,21.18%,3.56
浜名湖 1月 釣り,18,43,41.86%,2.95
12月 浜名湖 釣り,18,39,46.15%,2.44
冬 浜名湖 釣り,18,31,58.06%,2.9
浜名湖 ウェーディング ポイント,18,24,75%,2.08
浜名湖 海釣り公園 ライブカメラ,17,783,2.17%,4.32
浜名湖海釣り公園 ライブカメラ,17,604,2.81%,3.94
乙女園 釣り,17,204,8.33%,6.45
浜名湖 メバル ポイント,17,92,18.48%,6.87
浜名湖 10月 釣り,17,70,24.29%,3.04
浜名湖 バチ抜け ポイント,17,39,43.59%,1.92
浜名湖 タコ釣り 2025,16,165,9.7%,9.27
浜名湖 ハゼ釣り,15,368,4.08%,9.76
今 切口 釣り禁止,15,183,8.2%,6.91
浜名湖アジング 冬,15,167,8.98%,7.15
浜名湖ハゼ釣り 11月,15,157,9.55%,4.89
都田川 ハゼ 2025,15,118,12.71%,8.87
浜名湖 水深マップ,15,92,16.3%,3.24
浜名湖タチウオ,15,68,22.06%,3.96
浜名湖 カレイ ポイント,15,34,44.12%,3.21
浜名湖シーバス,14,328,4.27%,9.7
舞阪漁港 釣り禁止,14,178,7.87%,6.24
浜名湖 ハゼ ポイント,14,124,11.29%,6.27
浜名湖 3月 釣り,14,115,12.17%,6.85
浜名湖 ハゼ釣り 新川,13,436,2.98%,10.39
浜名湖 釣り ポイント,13,259,5.02%,9.12
アジング 浜名湖,13,129,10.08%,6.55
新居海釣り公園 ポイント,13,90,14.44%,6.09
浜名湖 水温 データ,13,88,14.77%,7.32
浜名湖水深図,13,62,20.97%,1.5
浜名湖 釣り 12月,13,39,33.33%,2.49
奥浜名湖 釣り 駐車場,12,181,6.63%,5.22
三ケ日 ハゼ釣り,12,146,8.22%,7.1
浜名湖 ハゼ釣り 2025,12,133,9.02%,10.53
浜松 アジング,12,126,9.52%,5.71
浜名湖 ヘチ釣りポイント,12,125,9.6%,9.1
浜松 穴釣り,12,107,11.21%,3.56
奥浜名湖 チニング ポイント,12,48,25%,6.73
浜名湖 釣具屋 24時間,11,288,3.82%,6.62
浜名湖 水温,11,271,4.06%,8.82
浜名湖 アジ 時期,11,180,6.11%,8.53
浜名湖 ハゼ釣りポイント,11,123,8.94%,7.11
浜名湖 太刀魚,11,80,13.75%,2.98
三ヶ日 釣り,11,45,24.44%,1.16
浜名湖 サヨリ 時期,11,30,36.67%,4.2
浜名湖 釣り 2月,11,28,39.29%,1.64
浜名湖 アジ釣り ポイント,10,293,3.41%,8.18
浜名湖 チヌ ポイント,10,219,4.57%,9.65
中之島 釣り,10,191,5.24%,7.16
浜名湖 漁業権,10,125,8%,8.62
カワハギ 浜名湖,10,114,8.77%,6.8
浜名湖 サクラマル,10,81,12.35%,4.01
新居弁天海釣公園 ライブカメラ,9,556,1.62%,5.23
浜名湖水深,9,401,2.24%,3.66
新居海釣り公園 青物 ポイント,9,234,3.85%,9.05
浜名湖 アジ サビキ,9,153,5.88%,8.5
浜名 湖 タコ 釣り 2026,9,57,15.79%,8.18
浜名湖 7月 釣り,9,39,23.08%,2.95
サヨリ 浜名湖,9,25,36%,2.76
浜名湖 冬 シーバス,9,19,47.37%,3.21
浜名湖今 切口 釣り禁止,8,365,2.19%,8.96
雄踏総合公園 釣り,8,248,3.23%,9.4
浜名湖 海図,8,77,10.39%,5.38
庄内湖 釣り,8,58,13.79%,3.48
浜名湖 釣り禁止 エリア,8,32,25%,4.38
10月 浜名湖 釣り,8,26,30.77%,3.69
浜名湖 釣り 10月,8,22,36.36%,4
女河浦海水浴場,7,312,2.24%,8.76
表浜名湖 釣り場,7,146,4.79%,6.75
新居海釣り公園 常夜灯,7,137,5.11%,6.39
ハゼ釣り 浜名湖,7,130,5.38%,10.85
浜名湖 ヒラメ ポイント,7,122,5.74%,10.37
浜名湖 キス釣り 時期,7,106,6.6%,7.33
浜名湖 アジ ポイント,7,54,12.96%,6.7
浜名湖 常夜灯,7,37,18.92%,4.38
浜名湖 マイマイ,7,17,41.18%,4.12
海釣り公園 ライブカメラ,6,321,1.87%,6.15
弁天島海浜公園 釣り禁止,6,138,4.35%,8.63
浜名湖 サビキ釣り,6,134,4.48%,7.55
奥浜名湖 ハゼ ポイント,6,124,4.84%,8.02
浜名湖 サビキ釣り ポイント,6,108,5.56%,5.96
浜名湖 チニング ポイント,6,102,5.88%,11.33
浜名湖釣具屋,6,95,6.32%,2.81
浜名湖 マゴチ,6,92,6.52%,9.36
舞阪 漁港 釣り禁止,6,87,6.9%,5.1
新居海釣り公園 アジング,6,79,7.59%,9.57
佐鳴湖 シーバス,6,59,10.17%,10.42
キス 浜名湖,6,58,10.34%,3.71
浜名湖バチ抜け ポイント,6,14,42.86%,2.14
庄内湖,5,906,0.55%,8.93
浜名湖 キビレ,5,114,4.39%,3.56
浜名湖 アジング 常夜灯,5,105,4.76%,5.43
新居海釣り公園 何番が釣れる,5,102,4.9%,11.56
中浜名湖,5,66,7.58%,4.48
女河浦海水浴場 駐車場,5,66,7.58%,8.38
浜名湖 釣り ルール,5,63,7.94%,7.81
浜名湖 カワハギ 時期,5,52,9.62%,3.88
浜名湖冬釣り,5,51,9.8%,2.71
遠州灘 キス釣り ポイント,5,49,10.2%,10.27
3月 浜名湖 釣り,5,47,10.64%,5.49
浜名湖 水深 図,5,39,12.82%,1.18
浜名湖 鷲津 釣り,5,37,13.51%,5.41
女河浦海水浴場 釣り,5,33,15.15%,2.33
集魚灯 浜名湖,5,23,21.74%,5.78
キス釣りポイント,5,23,21.74%,7.09
浜名湖 タチウオ 陸っぱり,5,22,22.73%,7.82
浜名湖 冬 釣り ポイント,5,13,38.46%,3.46
松見ヶ浦,4,188,2.13%,5.25
浜松 釣具屋,4,182,2.2%,10.68
浜名湖 サビキ,4,151,2.65%,7.8
都田川 ハゼ釣り,4,141,2.84%,7.71
浜名湖 釣りポイント,4,112,3.57%,9.35
浜名湖サビキ釣り,4,94,4.26%,7.32
浜名湖水温,4,94,4.26%,9
瀬戸水道,4,74,5.41%,8.82
浜名湖 シーバス おかっぱり ポイント,4,73,5.48%,9.42
浜名湖 ルアー ポイント,4,70,5.71%,9.63
浜名湖アジング 常夜灯,4,67,5.97%,8.34
奥浜名湖釣り,4,62,6.45%,7.69
浜名湖 エサ屋,4,51,7.84%,3.51
浜名湖チニング ポイント,4,43,9.3%,10.26
浜名湖ヒラメポイント,4,40,10%,9.93
浜名湖メバル いない,4,36,11.11%,9.56
浜名湖 カワハギ ポイント,4,34,11.76%,5.59
浜名湖 シロギス,4,33,12.12%,3.3
浜名湖 アオリイカ,4,30,13.33%,9.37
キス釣り ポイント,4,29,13.79%,9.93
浜名湖シーバス おかっぱ り ポイント,4,28,14.29%,12.21
表浜名湖 釣り,4,22,18.18%,5.77
浜名湖キス,4,16,25%,3.62
ポコちゃん海岸,4,11,36.36%,2.55
表浜名湖,3,476,0.63%,2.49
浜松 釣具屋 24時間,3,204,1.47%,7.05
浜名湖ハゼ釣り,3,181,1.66%,9.95
舞阪漁港 釣り,3,117,2.56%,11.27
大橋屋つり具センター 営業時間,3,97,3.09%,8.13
浜名湖タコ釣り2025,3,89,3.37%,9.54
浜名湖 クロダイ ポイント,3,87,3.45%,10.31
浜名湖 サビキ 仕掛け,3,74,4.05%,5.35
浜名湖 ポイント 釣り,3,71,4.23%,9.3
浜名湖 今切口 釣り禁止,3,52,5.77%,8.17
新川 ハゼ釣り ポイント,3,41,7.32%,9.41
浜名湖 釣り 3月,3,38,7.89%,8.32
サビキ釣り 浜名湖,3,37,8.11%,7.78
浜名湖 ハゼ釣り 11月,3,34,8.82%,5.24
浜名湖内浦湾,3,31,9.68%,2.61
浜名湖 秋 釣り,3,25,12%,7.04
村櫛漁港釣り禁止,3,21,14.29%,2.95
浜名湖 穴釣りポイント,3,21,14.29%,7
表鷲津湖岸公園 釣り,3,21,14.29%,26.14
浜名湖キス釣り情報,3,18,16.67%,7.5
浜名湖 アオリイカ ポイント,3,18,16.67%,8.78
浜名湖 ギマ ポイント,3,18,16.67%,9.89
浜名湖 中之島 シーバス,3,16,18.75%,8.56
浜名湖サヨリ ポイント,3,15,20%,1.93
浜名湖 サヨリ ポイント,3,14,21.43%,2
浜名湖 釣果 アジ,3,14,21.43%,19
浜名湖ハゼ2025,3,13,23.08%,10.46
浜名湖バチ抜け,3,11,27.27%,4.82
浜名湖 ハゼ 2025,3,6,50%,10.83
村櫛 漁港 釣り禁止,3,4,75%,13
近くの釣具屋,2,634,0.32%,6.63
猪鼻湖,2,587,0.34%,3.88
浜名湖 ハゼ釣り 時期,2,305,0.66%,8.43
はなぞの釣具店,2,173,1.16%,7.39
浜松 新川 釣り,2,158,1.27%,9.95
都田川,2,134,1.49%,18.36
弁天ジャムシ,2,127,1.57%,9.17
浜名湖 ハゼ,2,125,1.6%,10.16
弁天島海浜公園 釣り 禁止,2,121,1.65%,8.45
浜名湖釣りポイント,2,112,1.79%,10.05
弁天島 釣りポイント,2,110,1.82%,5.19
大橋屋 つり具 センター 営業時間,2,100,2%,7.74
浜名湖 釣り,2,100,2%,37.29
女河浦,2,95,2.11%,7.95
浜名湖海釣り公園ライブカメラ,2,94,2.13%,3.65
ハゼ釣り 都田川,2,82,2.44%,8.48
釣りエサ 近く,2,81,2.47%,6.59
浜松 ライブカメラ 海,2,78,2.56%,8.6
浜名湖 釣り場 マップ,2,67,2.99%,14.82
舞阪 サーフ 釣り禁止,2,52,3.85%,7.48
村櫛海水浴場,2,51,3.92%,12.35
弁天島 釣り ルアー,2,49,4.08%,6.71
弁天島 釣り禁止,2,46,4.35%,8.93
ハゼ釣り 浜名湖 ポイント,2,40,5%,6.08
佐久米海岸,2,40,5%,8.4
キビレ 産卵期,2,38,5.26%,11.05
浜名湖ハゼ釣り 2025,2,36,5.56%,11.28
浜名湖 集魚灯,2,33,6.06%,7.33
浜名湖 アジ釣り,2,33,6.06%,9.09
浜名湖カワハギ,2,32,6.25%,7.41
新居海釣り公園 何 番が釣れる,2,31,6.45%,14.23
村櫛海岸,2,29,6.9%,30.34
浜名湖 水温 現在,2,28,7.14%,10.32
細江湖 釣り ポイント,2,27,7.41%,9.81
弁天島 中之島,2,25,8%,8.16
都田川 釣果,2,24,8.33%,7.46
浜名湖,2,20,10%,6.3
浜名湖 アジング ジグヘッド,2,19,10.53%,2.89
新居 弁天 海釣公園 アジング,2,18,11.11%,9.39
遠州灘 キス釣り,2,17,11.76%,23.18
瀬戸水道 釣り,2,16,12.5%,2.88
浜名湖 集魚灯 禁止,2,16,12.5%,16.12
静岡 キス釣り ポイント,2,15,13.33%,13.4
浜名湖 4月 釣り,2,14,14.29%,11.07
浜名湖 漁業権 タコ,2,13,15.38%,9.77
近くのキス釣りポイント,2,11,18.18%,7.91
浜名湖 稚鮎 釣り,2,11,18.18%,12.64
奥浜名湖釣りポイント,2,9,22.22%,3.44
都田川 駐車場,2,9,22.22%,9.33
浜名湖 ハゼ釣り 仕掛け,2,8,25%,5.25
新居海釣り公園 カワハギ,2,6,33.33%,8.17
浜名湖ウェーディング ポイント,2,5,40%,1.2
弁天海釣り公園 釣果,2,3,66.67%,8.67
浜名湖 ウェーディング,2,2,100%,1
浜名湖キス釣り 時期,2,2,100%,20
釣具屋 近く,1,420,0.24%,7.03
新居海釣り公園 釣果,1,317,0.32%,11.03
浜名湖 深さ,1,292,0.34%,5.12
釣具屋,1,288,0.35%,10.08
新居 弁天 海釣公園 ライブカメラ,1,209,0.48%,6.05
あけぼの釣具店,1,187,0.53%,11.58
奥浜名湖 釣果,1,180,0.56%,8.79
浜松 海 ライブカメラ,1,148,0.68%,8.79
新居海釣り公園 サビキ,1,109,0.92%,11.82
表浜名湖とは,1,89,1.12%,5.09
キビレ 仕掛け,1,87,1.15%,9.18
浜名湖 釣りスポット,1,87,1.15%,11.36
奥浜名湖 ハゼ釣り,1,80,1.25%,10.19
大橋屋つり具センター,1,71,1.41%,11.69
サヨリ釣り 時期,1,67,1.49%,12.96
浜名湖 尺アジ,1,63,1.59%,12.3
浜名湖 夜釣り,1,62,1.61%,10.76
キビレ 釣り方,1,62,1.61%,12.73
浜名湖 庄内湖,1,57,1.75%,5.05
浜名湖 夜釣り ポイント,1,53,1.89%,10.34
浜松釣具屋,1,49,2.04%,11.08
舞阪港 釣り,1,46,2.17%,11.93
浜名湖 イカ釣り,1,43,2.33%,8.37
浜名 湖 キス 釣り ポイント,1,39,2.56%,20.21
浜名湖 アジング ワーム,1,38,2.63%,5.74
浜名湖釣りスポット,1,38,2.63%,13.29
浜名湖 タコ釣り,1,35,2.86%,16.43
浜名湖 夏 釣り,1,34,2.94%,10.09
キビレ 釣り方 餌,1,32,3.12%,10.75
浜名湖メバル,1,29,3.45%,7.62
浜名湖 エギング,1,29,3.45%,10.62
浜名湖 釣り場,1,28,3.57%,27.79
浜名湖 釣り 初心者,1,25,4%,5
浜名湖 冬 釣りポイント,1,24,4.17%,3.75
新川 釣りポイント,1,24,4.17%,8.17
浜名湖 釣れる魚 画像,1,24,4.17%,11.71
近く でキスが釣れる場所,1,24,4.17%,12.29
浜名湖チヌ釣りポイント,1,23,4.35%,6.43
浜名湖ヒラメ釣り,1,21,4.76%,4.81
都田川 うなぎ釣り,1,21,4.76%,14.76
浜名湖 ギガアジ,1,20,5%,11.6
弁天流し釣り,1,20,5%,12.95
浜名湖釣り,1,20,5%,39.15
浜名湖ハゼポイント,1,19,5.26%,8.05
浜名湖 稚鮎釣り 禁止,1,19,5.26%,11.05
浜名湖 尺アジ ポイント,1,18,5.56%,5.39
浜名湖 都田川,1,17,5.88%,10.47
浜名湖 稚鮎,1,17,5.88%,11.94
舞阪サーフ 釣り 禁止,1,15,6.67%,9.87
都田川 ハゼ釣り 時期,1,13,7.69%,6
カレイング,1,13,7.69%,14.92
鷲津 釣り,1,12,8.33%,5.25
浜名湖 カワハギ 船,1,11,9.09%,7.55
うなぎ観音 釣り,1,11,9.09%,7.73
内浦湾 釣り ポイント,1,11,9.09%,13.45
浜名湖 クロダイ 食べる,1,11,9.09%,14.82
浜名湖タコ釣り 2025,1,10,10%,8
浜名湖クロダイポイント,1,10,10%,12.9
青ジャムシ,1,10,10%,14.1
シロギス,1,9,11.11%,3.56
浜名湖 キス釣り 2025,1,9,11.11%,6.67
浜名湖 釣り 夏,1,9,11.11%,8.56
浜名 湖 釣り 禁止 エリア,1,8,12.5%,2.62
弁天島海浜公園,1,8,12.5%,6.75
新居海釣り公園 仕掛け,1,8,12.5%,13.25
浜名湖 エギング ポイント,1,7,14.29%,6.14
浜名湖 釣り 穴場,1,7,14.29%,9
浜名湖アオリイカ,1,7,14.29%,10.29
新居弁天海釣公園 読み方,1,7,14.29%,11.29
カサゴ,1,6,16.67%,2.5
浜名湖 鷲津,1,6,16.67%,4.5
浜名湖エギング,1,6,16.67%,9.5
浜名湖つりセンター,1,6,16.67%,23.67
浜名湖 瀬戸橋 釣り,1,5,20%,2.6
中之島周辺,1,5,20%,4.2
浜名湖 11月,1,5,20%,4.2
中之島,1,5,20%,5
浜名湖 イカ 釣り 時期,1,5,20%,9.8
浜名湖 イカ釣り ポイント,1,4,25%,9
浜名湖 船釣り ポイント,1,4,25%,9.75
カレイング フックサイズ,1,4,25%,10.75
浜名湖 スズキ,1,4,25%,11.75
雄踏町山崎,1,4,25%,12.5
浜名湖 アジ 釣果,1,4,25%,13.75
浜名湖 今切口 釣り,1,4,25%,16.25
沼津 釣り 車横付け,1,4,25%,31.5
浜名湖 カレイ 時期,1,3,33.33%,3
浜名湖 アジング 冬,1,3,33.33%,8.33
舞阪 釣り,1,3,33.33%,21.67
浜名湖新居海釣り公園,1,3,33.33%,34
タチウオ,1,2,50%,2
ボートレース場 釣り,1,2,50%,2
バチ抜け 浜名湖,1,2,50%,2.5
浜名湖の水深,1,2,50%,3.5
舞阪漁港,1,2,50%,5.5
キビレ 釣り,1,2,50%,12.5
浜名湖 うなぎ観音 釣り,1,2,50%,12.5
浜名湖 フライフィッシング,1,2,50%,28.5
クチコミ 新居弁天海釣公園 件,1,2,50%,32
三ケ日,1,1,100%,2
舞阪港,1,1,100%,2
浜名湖ハゼ釣り情報,1,1,100%,6
コウイカ ズル引き 速度,1,1,100%,15
カレイ釣り 12月,1,1,100%,16
浜松 新川 うなぎ釣り,1,1,100%,27
浜名湖ボートシーバス,1,1,100%,30
浜名湖新居海釣公園,1,1,100%,55
焼津 キス釣り,1,1,100%,81
釣り 浜名湖,0,181,0%,39.22
浜名湖 アジ,0,110,0%,11.25
浜名湖深さ,0,100,0%,4.55
はまゆう大橋,0,94,0%,4.3
浜名湖 シーバス キャスティング（ボートシーバス）,0,78,0%,52.86
はなぞの釣具,0,67,0%,7.37
新居弁天海釣公園 釣果,0,67,0%,9.54
表浜名湖 どこ,0,66,0%,5.02
浜名湖 クロダイ チニング,0,66,0%,53.47
都田川ハゼ釣り,0,65,0%,8.55
ハゼ 浜名湖,0,65,0%,11.51
ハゼ釣り 浜松,0,61,0%,9.85
あけぼの釣具,0,61,0%,15.38
浜名湖競艇ポイント,0,59,0%,12.78
サヨリ 時期,0,59,0%,21.44
釣具屋 浜松,0,56,0%,10.38
近くの釣具店,0,55,0%,6.85
浜名湖ポイント,0,54,0%,8.93
浜名湖ライブカメラ,0,54,0%,13.72
浜名湖 ライブカメラ,0,54,0%,14.87
浜名湖 ポイント,0,53,0%,9.58
新居弁天海釣公園 釣れる魚,0,47,0%,10.43
浜名湖 フカセ釣り ポイント,0,47,0%,10.64
遠州灘 タチウオ,0,46,0%,41.33
釣り餌 自販機 近く,0,45,0%,5.87
浜名湖 青物,0,45,0%,11.02
浜名湖アジ釣り,0,44,0%,9.25
キビレ 餌,0,43,0%,10.93
釣り道具屋,0,42,0%,9.38
浜松 釣具店,0,41,0%,10.44
浜名湖ハゼ,0,41,0%,10.46
村櫛海水浴場 駐車場,0,40,0%,8.18
浜松市 庄内湖,0,40,0%,8.43
浜名湖 釣れる魚,0,35,0%,23.54
浜名湖 イカ,0,34,0%,9.5
弁天島 釣り,0,34,0%,12.65
近くの釣り道具屋,0,32,0%,7.81
浜名湖 ヒラメ,0,31,0%,11.48
伊目,0,31,0%,13.81
浜名 湖 釣り ポイント,0,31,0%,23.84
浜名湖 中ノ島,0,30,0%,3.5
釣りエサ屋,0,29,0%,8.24
近くの釣りエサ屋,0,28,0%,6.07
近くの釣具屋さん,0,28,0%,6.46
稚鮎 浜名湖,0,28,0%,10.54
中之島公園 釣り,0,27,0%,7.26
浜名湖レンタルボート免許不要,0,27,0%,8.07
浜名湖 タコ釣り ポイント,0,27,0%,14.11
新居海釣り公園 夜釣り,0,27,0%,22.37
サヨリ 釣り 時期,0,27,0%,25.78
浜名湖アジ,0,26,0%,11.77
浜名湖 猪鼻湖,0,25,0%,2.48
浜名湖 シーバス 難しい,0,25,0%,10.08
新居弁天海釣公園,0,25,0%,31.36
近くの釣り餌屋,0,24,0%,7.04
浜名湖 釣れる魚 季節,0,23,0%,10.96
カレイ 冬,0,23,0%,11.04
はまゆう大橋 無料時間,0,23,0%,12.13
釣具店 近く,0,22,0%,7.18
浜松 シーバス,0,22,0%,10.41
サヨリ時期,0,22,0%,25.86
海釣り公園ライブカメラ,0,21,0%,5.81
奥浜名湖ハゼ ポイント,0,21,0%,7.71
浜名湖夜釣り,0,21,0%,10.24
乙女園公園 釣り,0,20,0%,5.95
静岡 釣り場 車横付け,0,20,0%,14.35
新居海釣り公園釣果,0,19,0%,8.37
浜名湖 釣り スポット,0,19,0%,8.63
サヨリ シーズン,0,19,0%,13.79
最寄りの釣具屋,0,18,0%,4.67
近くの餌屋,0,18,0%,6.78
浜名湖 スズキ 釣り,0,18,0%,10
浜名湖釣りセンター,0,18,0%,18
キビレ ルアー,0,18,0%,23.56
浜名湖サビキ,0,17,0%,7.18
鷲津漁港,0,17,0%,9.53
浜名湖競艇 ポイント,0,17,0%,13.59
浜名湖 ボートシーバス,0,17,0%,17.41
新井 海釣り公園,0,17,0%,34.88
カワハギ釣り方 堤防,0,17,0%,47.76
松見ヶ浦 釣り,0,16,0%,4.75
浜名湖 アジ 釣り ポイント,0,16,0%,5.44
浜名湖 キス 釣果,0,16,0%,6.81
釣り道具屋 近く,0,16,0%,7.62
浜名湖 網干場,0,16,0%,10.94
浜名湖タコ釣りポイント,0,16,0%,11.12
網干場,0,16,0%,11.5
浜名湖で釣れる魚 一覧,0,16,0%,13.12
浜名湖釣り情報,0,16,0%,38
新居海釣り公園,0,16,0%,40.62
周辺釣具屋,0,15,0%,5.53
パルパル 釣り,0,15,0%,6.67
近く釣具屋,0,15,0%,6.8
新川 ハゼ釣りポイント,0,15,0%,11.53
新居 弁天 海釣公園 釣果,0,15,0%,14.33
浜名湖タコ釣り,0,15,0%,17
ここから近い釣具屋,0,14,0%,6.29
近くの釣具,0,14,0%,7.21
荒川釣具店,0,14,0%,8.86
浜名湖 六角堂 釣り禁止,0,14,0%,9.43
釣り屋,0,14,0%,9.43
表浜名湖 釣り ポイント,0,14,0%,9.71
釣り禁止場所 罰則,0,14,0%,16
近くのエサ屋,0,13,0%,5.23
ボートレース浜名湖 ポイント,0,13,0%,8
表浜名湖 ポイント,0,13,0%,8.85
アジ 浜名湖,0,13,0%,9.77
浜松市 釣具店,0,13,0%,10.08
キビレ 産卵時期,0,13,0%,11.08
浜名湖 青物 ポイント,0,13,0%,11.77
はまゆう大橋 無料 時間,0,13,0%,12.31
網干場 釣り,0,13,0%,12.69
あけぼの 釣具,0,13,0%,29.46
浜名湖 釣果,0,13,0%,36.46
新居 弁天 海 釣 公園,0,13,0%,69.23
近く 釣具屋,0,12,0%,6.92
浜名湖 12月,0,12,0%,8.5
釣り餌屋,0,12,0%,8.75
静岡 タチウオ 陸 っ ぱり,0,12,0%,10.75
浜松 釣具,0,12,0%,11.5
近くの釣具屋 24時間営業,0,12,0%,11.58
キビレ釣り方,0,12,0%,11.83
浜名湖 稚鮎釣り,0,12,0%,12.33
浜名湖渚園,0,12,0%,14.67
浜名湖で釣れる魚,0,12,0%,31.42
浜名湖釣り場,0,12,0%,33.75
浜名湖 海釣り公園,0,12,0%,52.17
浜名湖 最大水深,0,11,0%,3.09
釣り餌 近く,0,11,0%,4.91
釣具屋近く,0,11,0%,6.73
奥浜名湖釣果,0,11,0%,7.27
エサ屋,0,11,0%,7.91
浜名湖 釣り 何が釣れる,0,11,0%,12.91
浜名湖 シーバス ルアー,0,11,0%,17
弁天島釣りセンター,0,11,0%,17.18
カワハギ 釣れる時期,0,11,0%,17.55
浜名湖 釣り公園,0,11,0%,45.18
浜松 海釣り,0,11,0%,52.27
浜名湖 クロダイ,0,10,0%,3.2
浜名湖 渚園,0,10,0%,7.9
釣具屋さん,0,10,0%,7.9
大橋屋 つり具 センター 営業 時間,0,10,0%,8.2
静岡県 キス釣り ポイント,0,10,0%,8.3
釣具店,0,10,0%,8.5
浜名湖 競艇 ポイント,0,10,0%,10.6
サヨリの時期,0,10,0%,10.9
浜名湖網干場,0,10,0%,11.4
浜名湖 バス釣り ポイント,0,10,0%,12.9
浜名湖釣れる魚,0,10,0%,32.9
弁天釣りセンター,0,10,0%,33.5
浜名 湖 釣り,0,10,0%,36.3
太刀魚 浜名湖,0,9,0%,3.11
奥浜名湖 釣り 駐 車場,0,9,0%,5.56
浜名湖 大潮,0,9,0%,8.89
近くの釣り場 車横付け,0,9,0%,9.11
島見浜 アジング 常夜灯,0,9,0%,9.22
静岡 釣具屋 おすすめ,0,9,0%,9.44
奥浜名湖釣り情報,0,9,0%,11.44
浜松市 釣具屋,0,9,0%,13.44
内山海岸,0,9,0%,14.33
浜名湖 地形,0,9,0%,15.56
遠州灘 キス釣り情報,0,9,0%,20.89
浜名湖 タコ,0,9,0%,21.11
静岡 キス釣り,0,9,0%,21.78
浜松 シーバス ポイント,0,8,0%,5
静岡 メバル ポイント,0,8,0%,7.88
静岡 タチウオ 陸っぱり,0,8,0%,9.62
あけぼの釣具店 レビュー,0,8,0%,10.5
サヨリ 時期 釣り,0,8,0%,10.5
シーバス 浜名湖,0,8,0%,10.5
キビレ 時期,0,8,0%,10.88
浜名湖 釣り餌 自販機,0,8,0%,11.5
浜名湖 釣り 仕掛け,0,8,0%,11.62
静岡 カレイ釣り,0,8,0%,11.88
サヨリシーズン,0,8,0%,12
浜名湖 サビキ 釣果,0,8,0%,12.5
冬 カレイ 釣り,0,8,0%,13.25
伊左地川 釣り,0,8,0%,16.25
浜名湖 弁天島 釣り,0,8,0%,16.5
サヨリ釣り時期,0,8,0%,20.12
浜名湖 釣り情報 ハゼ,0,8,0%,20.25
タコ釣り 浜名湖,0,8,0%,20.62
浜名 湖 タコ 釣り ポイント,0,8,0%,21.25
浜名湖 釣り公園 釣果,0,8,0%,25
マゴチ 料理,0,8,0%,38.5
新居弁天 海釣公園,0,8,0%,58
弁天島 釣具屋,0,7,0%,6.57
浜名湖カメラ,0,7,0%,6.57
近くの 釣り場 車 横付け,0,7,0%,7.29
浜名湖 小島,0,7,0%,8.29
近くの釣り道具屋さん,0,7,0%,8.29
静岡 釣り場 車 横付け,0,7,0%,10.43
乙女園,0,7,0%,10.57
冬のチヌは どこに いる,0,7,0%,10.71
新居弁天海釣公園 アジング,0,7,0%,11.86
サヨリ 釣れる時期,0,7,0%,12
浜名湖 塩分濃度,0,7,0%,12.29
キス釣り 場所,0,7,0%,18.86
浜名 湖 タコ 釣り,0,7,0%,18.86
遠州灘キス釣り,0,7,0%,19
キス 釣れる場所,0,7,0%,26
サヨリ 季節,0,7,0%,28.29
サヨリ釣れる時期,0,7,0%,29.57
浜名湖 ボート 釣り,0,7,0%,33.29
浜松 釣り 初心者,0,7,0%,39
この近くの釣具屋,0,6,0%,5
浜名湖 ボート 釣り ポイント,0,6,0%,5
浜名湖 サビキ釣り 時期,0,6,0%,6.5
浜名湖 伊勢海老 禁漁,0,6,0%,7
浜名湖キス釣り2025,0,6,0%,7.33
近くの釣り餌,0,6,0%,7.67
カサゴ 釣れる場所,0,6,0%,8.33
近くの釣り具,0,6,0%,8.5
浜名湖 釣具 屋 24時間,0,6,0%,8.67
釣具屋 近く 現在営業中,0,6,0%,9
車 横付け,0,6,0%,10
奥浜名湖 バス釣り,0,6,0%,10.17
浜名湖 6月 釣り,0,6,0%,10.17
浜名湖 タコ 2025,0,6,0%,11.67
佐鳴湖 釣り ポイント,0,6,0%,11.83
キビレ 釣り方 ルアー,0,6,0%,12.33
砂揚げ場,0,6,0%,13.17
浜名湖 うなぎ釣り ポイント,0,6,0%,16
ミオ筋,0,6,0%,16.5
浜名湖タコ釣り禁止,0,6,0%,16.83
浜名湖 タコ釣り禁止,0,6,0%,23
キス釣り 静岡,0,6,0%,24.33
サヨリの釣れる時期,0,6,0%,27
弁天島釣センター,0,6,0%,28.5
浜名湖釣り公園,0,6,0%,42.33
チヌ 冬,0,6,0%,45
浜名 湖 アジング ポイント,0,6,0%,54.33
浜松 海釣り公園,0,6,0%,59.5
浜名 湖 シーバス ポイント,0,6,0%,60.33
浜名湖クロダイ,0,5,0%,2
キビレ,0,5,0%,3.4
新居海釣り公園 水深,0,5,0%,4
浜名湖 ハゼ釣り ポイント,0,5,0%,4
周辺 釣具屋,0,5,0%,5
付近の釣具屋,0,5,0%,6.6
近所の釣具屋,0,5,0%,6.6
この近くの釣具屋さん,0,5,0%,7.4
近くでキスが釣れる場所,0,5,0%,8.2
現在地から近い釣具屋,0,5,0%,8.4
浜名湖のハゼ釣り,0,5,0%,9
浜名湖 コウイカ ポイント,0,5,0%,9.2
キビレ 餌釣り,0,5,0%,10
浜名湖 2月,0,5,0%,10.2
浜名湖 中之島 潮干狩り,0,5,0%,10.2
ヒラメ 11月,0,5,0%,10.4
サヨリ 何月,0,5,0%,11.4
弁天島釣り,0,5,0%,12.4
新居海釣り公園 ルアー釣り,0,5,0%,12.6
弁天島海釣り公園,0,5,0%,15
浜名湖 5月 釣り,0,5,0%,15.6
浜松市 釣りスポット,0,5,0%,17.4
浜名湖 ルアー釣り,0,5,0%,19.2
浜名湖 何が釣れる,0,5,0%,21.6
浜名湖 瀬戸橋,0,5,0%,24.2
新居 海釣り公園 釣果,0,5,0%,27
11月 釣り,0,5,0%,35.6
静岡 シーバス,0,5,0%,51.6
遠州灘 タチウオ ジギング,0,5,0%,69
カサゴ 冬 釣り,0,4,0%,1
2月 浜名湖 釣り,0,4,0%,2
浜名湖どこ,0,4,0%,2
釣りエサセンター,0,4,0%,3.75
キス,0,4,0%,4.5
ここから近くの釣具屋,0,4,0%,5
周辺の釣具屋,0,4,0%,5.25
浜名湖カワハギ釣り,0,4,0%,5.25
近くの釣りエサ,0,4,0%,5.75
投げ釣り,0,4,0%,6.25
24時間 釣具屋,0,4,0%,6.75
この近くの釣具店,0,4,0%,6.75
車横付け,0,4,0%,6.75
サビキ釣り,0,4,0%,7
釣具屋 現在営業中,0,4,0%,7
浜名湖アジング 集魚灯,0,4,0%,7.25
釣具 近く,0,4,0%,7.25
近くの釣具屋 現在営業中,0,4,0%,7.5
車の横付け,0,4,0%,7.75
サヨリ釣り シーズン,0,4,0%,8.25
浜名湖 9月 釣り,0,4,0%,8.75
シーバスルアー佐鳴湖,0,4,0%,9.25
釣り屋さん,0,4,0%,9.25
浜名湖 シーバス 2月,0,4,0%,9.75
釣具屋 24時間,0,4,0%,9.75
浜名湖稚鮎釣り,0,4,0%,10.25
浜名湖 潮 釣り,0,4,0%,10.5
表浜名湖 釣果,0,4,0%,10.5
浜松 釣り スポット,0,4,0%,11
浜名湖釣具センター,0,4,0%,11.25
太刀魚 静岡 堤防,0,4,0%,11.5
12月 カレイ 釣り,0,4,0%,12.5
浜名湖 網干場 釣果,0,4,0%,12.5
浜名湖稚鮎釣り禁止,0,4,0%,12.75
カレイ ルアー 時期,0,4,0%,13
メバル カサゴ 煮付け,0,4,0%,13
三ヶ日 猪鼻湖,0,4,0%,13
浜名湖稚鮎,0,4,0%,14.25
車 横付けとは,0,4,0%,14.75
キス釣り 名所,0,4,0%,17.75
浜名湖尺アジ,0,4,0%,18.25
浜名湖 カヤック 禁止,0,4,0%,19.25
エサひろ 浜松,0,4,0%,20.75
浜名湖 村櫛,0,4,0%,22.5
浜松釣りスポット,0,4,0%,22.75
遠州灘 キス釣り 2025,0,4,0%,27.25
浜名湖 タチウオ 船,0,4,0%,28.25
浜名 湖 ハゼ 釣り,0,4,0%,29
浜松 釣りスポット,0,4,0%,29.25
キス ポイント,0,4,0%,32.25
海釣り公園 浜名湖,0,4,0%,37.75
静岡シーバス,0,4,0%,43.5
浜名湖 サバ,0,4,0%,45.25
浜名湖 レンタルボート おすすめ,0,4,0%,45.75
村櫛町,0,4,0%,61.5
ルア 浜松市中区中央,0,4,0%,66.25
ここから近い釣具屋さん,0,3,0%,6
浜松 サビキ釣り,0,3,0%,6
現在地周辺 釣具屋,0,3,0%,6
近くの釣り餌販売店,0,3,0%,6
ハゼ,0,3,0%,6.33
奥浜名湖,0,3,0%,6.33
釣り屋さん 近く,0,3,0%,6.33
浜名湖 シーバス 食べる,0,3,0%,6.67
近くの 釣具屋,0,3,0%,6.67
ここから近い釣り餌屋,0,3,0%,7
網干場 アジング,0,3,0%,7
メバル,0,3,0%,7.33
近くの釣具屋 24時間,0,3,0%,7.33
キス釣り 近く,0,3,0%,7.67
浜名湖イカ釣り,0,3,0%,7.67
近くの釣り具屋,0,3,0%,7.67
付近 釣具屋,0,3,0%,8
近くの釣り道具店,0,3,0%,8.33
近く釣具,0,3,0%,8.33
12月 カサゴ,0,3,0%,9
近く釣具屋 現在営業中,0,3,0%,9
西目漁港 釣り,0,3,0%,9.33
伊左地川,0,3,0%,10
浜名湖 乙女園,0,3,0%,10
浜名湖チヌ ポイント,0,3,0%,10
キビレ釣り,0,3,0%,10.33
静岡 バチ抜け ポイント,0,3,0%,10.33
キビレ釣り 時期,0,3,0%,10.67
スズキ,0,3,0%,10.67
釣り餌店,0,3,0%,10.67
11月サーフ釣り,0,3,0%,11
新居海釣り公園 ルアー,0,3,0%,11
浜名湖ガーデンパーク ライブカメラ,0,3,0%,11
浜名湖タコ釣り 時期,0,3,0%,11.33
浜名湖 釣り 6月,0,3,0%,11.67
浜名湖シーバス 釣れない,0,3,0%,12
はまゆう 釣り,0,3,0%,12.33
新居弁天海釣公園 釣り,0,3,0%,12.33
近くのキス釣り場,0,3,0%,12.67
浜名湖競艇場 レビュー,0,3,0%,13
新居釣り公園 釣果,0,3,0%,13.33
浜名湖 冬,0,3,0%,14
浜名湖 釣り情報 イシグロ,0,3,0%,14.67
浜松 ハゼ釣り,0,3,0%,15.33
都田川 鮎,0,3,0%,15.33
はなぞの 釣具店,0,3,0%,18
24時間営業釣具屋,0,3,0%,18.33
浜名湖 ギマ,0,3,0%,18.33
新井浜海釣り公園,0,3,0%,21
東海つり具 営業時間,0,3,0%,22.33
新居弁天海釣公園 写真,0,3,0%,23
浜名湖辺り,0,3,0%,23.33
浜名湖 コウイカ,0,3,0%,25
弁天島 釣果,0,3,0%,25.33
浜名湖フィッシングリゾート 釣れない,0,3,0%,25.67
ヒラメ 薄造り,0,3,0%,26.33
静岡 釣り 車横付け,0,3,0%,27.33
静岡 シーバス ポイント,0,3,0%,28
浜名湖 古橋屋,0,3,0%,29.67
浜名湖 海釣り公園 釣果,0,3,0%,30.67
浜名湖大橋,0,3,0%,33.33
浜名湖海釣り公園 釣果,0,3,0%,34.33
浜松サーフ 釣りポイント,0,3,0%,35.33
カワハギ釣れる時期,0,3,0%,36.33
浜名湖 うなぎ釣り,0,3,0%,36.33
浜名湖 レンタルボート,0,3,0%,37
キビレ 締め方,0,3,0%,37.33
佐鳴湖 釣り,0,3,0%,39.67
静岡 キス釣り ちょい投げ,0,3,0%,41
馬込川河口 釣り,0,3,0%,41.33
都田川 バス釣り,0,3,0%,44
釣り 魚種別 シーズン カレンダー,0,3,0%,46
メジナ 釣り方,0,3,0%,47.67
海釣公園 浜名湖,0,3,0%,48.33
浜名湖 バス釣り,0,3,0%,49
浜松 釣り,0,3,0%,50
浜松 釣り場,0,3,0%,51.33
遠州灘 釣りポイント,0,3,0%,51.67
釣り 水深 マップ,0,3,0%,51.67
冬 チヌ,0,3,0%,52.33
村 櫛 町,0,3,0%,52.33
弁天島海浜公園 釣り,0,3,0%,66.33
クロダイ 浜名湖,0,2,0%,1
カレイ,0,2,0%,4
キス釣り 有名ポイント,0,2,0%,4
浜名湖 3月,0,2,0%,4
浜松 庄内湖,0,2,0%,4
キスポイント,0,2,0%,4.5
この辺りの釣具屋,0,2,0%,5
24時間営業 釣具屋,0,2,0%,5.5
キス どこで釣れる,0,2,0%,5.5
舘山寺サンビーチ 釣り,0,2,0%,5.5
静岡 11月 釣り,0,2,0%,5.5
この近くの釣り道具屋,0,2,0%,6
最寄り 釣具屋,0,2,0%,6
浜名湖パークビレッジ,0,2,0%,6
近く釣り具,0,2,0%,6
ここら辺の釣具屋,0,2,0%,6.5
浜名湖弁天島釣り,0,2,0%,6.5
近い釣具屋,0,2,0%,6.5
釣具屋 有名,0,2,0%,6.5
クロダイ,0,2,0%,7
弁天橋 シーバス,0,2,0%,7
浜名湖 タコ 漁業権,0,2,0%,7
近く 釣具,0,2,0%,7
11月 釣り スポット,0,2,0%,7.5
24時間釣具屋,0,2,0%,7.5
営業中の釣具屋,0,2,0%,7.5
新居海釣り公園 釣れる魚,0,2,0%,7.5
浜名湖 イカ 釣り ポイント,0,2,0%,7.5
浜名湖 地形 特徴,0,2,0%,7.5
浜名湖釣り場マップ,0,2,0%,7.5
アオリイカ 浜名湖,0,2,0%,8
浜名湖 コウイカ 時期,0,2,0%,8
浜名湖釣酌庵,0,2,0%,8
近くの釣り餌自販機,0,2,0%,8
都田川 釣り 冬,0,2,0%,8
メジナ 釣り,0,2,0%,8.5
浜名湖エギング ポイント,0,2,0%,8.5
近くの釣り餌店,0,2,0%,8.5
浜名湖 クロダイ 時期,0,2,0%,9
浜松 都田川,0,2,0%,9
車を横付け,0,2,0%,9
近くの釣り道具,0,2,0%,9
新井弁天海釣り公園 釣果,0,2,0%,9.5
浜名湖シーバス 難しい,0,2,0%,9.5
釣り具屋,0,2,0%,9.5
カレイ 冬 釣り,0,2,0%,10
今切口 舞阪堤,0,2,0%,10
浜名港,0,2,0%,10
浜名湖 伊勢海老 ポイント,0,2,0%,10
近くの ルアー 販売店,0,2,0%,10
つりてん,0,2,0%,10.5
新井弁天海釣り公園,0,2,0%,10.5
この辺の釣具屋,0,2,0%,11
カレイング 仕掛け,0,2,0%,11
キス釣りスポット,0,2,0%,11
バチ抜け 静岡,0,2,0%,11
近くの釣り屋,0,2,0%,11
静岡 バチ抜け,0,2,0%,11
新居海釣り公園 駐車場,0,2,0%,11.5
浜名湖 砂揚げ場,0,2,0%,11.5
浜松 アジ釣り,0,2,0%,11.5
遠州灘 キス釣りポイント,0,2,0%,11.5
カサゴが釣れる場所,0,2,0%,12
カワハギ 釣り方,0,2,0%,12
網干場 釣果,0,2,0%,12
釣り店,0,2,0%,12
浜名湖 海 釣り公園 閉鎖,0,2,0%,12.5
浜名湖 チヌトップ ポイント,0,2,0%,13
浜名湖アジング ブログ,0,2,0%,13
静岡キス釣りポイント,0,2,0%,13.5
浜名湖 サーフ 釣り ポイント,0,2,0%,14.5
サヨリ 釣れる場所,0,2,0%,15.5
浜名湖アジ釣果,0,2,0%,15.5
静岡 キス釣りポイント,0,2,0%,15.5
浜名湖 クロダイ 仕掛け,0,2,0%,16.5
浜名湖 釣り 5月,0,2,0%,17
遠州灘 キス釣り 時期,0,2,0%,17.5
はまゆう大橋 夜間,0,2,0%,18
浜名湖 稚 鮎 釣り 禁止,0,2,0%,18.5
荒井海釣り公園,0,2,0%,18.5
新居海釣り公園 アジ,0,2,0%,20
浜名湖何が釣れる,0,2,0%,20
新川 シーバスポイント,0,2,0%,21.5
車横付け 釣り,0,2,0%,21.5
浜名湖チヌトップ ポイント,0,2,0%,22
釣りエサのうしお,0,2,0%,22
静岡 メバル いない,0,2,0%,22
浜名湖航路図,0,2,0%,22.5
砂揚場 浜名湖,0,2,0%,22.5
周辺の釣具屋さん,0,2,0%,23
浜名湖 タコ 釣果,0,2,0%,24
舞阪サーフ 釣果,0,2,0%,24
戸田 釣り 車 横付け,0,2,0%,25
スズキ シーズン,0,2,0%,25.5
海釣り 車横付け,0,2,0%,26
釣り餌屋 近く,0,2,0%,27
カレイ釣り 時期,0,2,0%,27.5
浜松 釣り 堤防,0,2,0%,28
浜名湖釣果,0,2,0%,29
植村釣具,0,2,0%,29.5
浜名湖 航路図,0,2,0%,29.5
車 横付け 釣り,0,2,0%,32.5
サヨリ 釣り方 ルアー,0,2,0%,33.5
新居弁天海釣公園 レビュー,0,2,0%,33.5
浜名湖 ジグサビキ,0,2,0%,34.5
浜名湖 砂揚場,0,2,0%,35.5
7月 釣り ターゲット,0,2,0%,36
浜名湖釣り公園 釣果,0,2,0%,36
浜名湖 ルアー,0,2,0%,37
浜名 湖 ハゼ 釣り ポイント,0,2,0%,37.5
釣りエサ近く,0,2,0%,38.5
キスが釣れる場所,0,2,0%,39
浜名湖の釣り情報,0,2,0%,39.5
浜名 湖 釣り 情報,0,2,0%,40
浜名湖海釣り公園釣果,0,2,0%,40
サヨリ 餌 おすすめ,0,2,0%,41
浜名湖で釣り,0,2,0%,41
中之島 潮干狩り,0,2,0%,41.5
新居海釣公園,0,2,0%,42.5
三月釣れる魚,0,2,0%,43
浜名 湖 釣れる 魚,0,2,0%,44.5
遠州灘 キス,0,2,0%,45
シーバス ウキ釣り 時期,0,2,0%,45.5
都田川 川遊び,0,2,0%,46
新居 海釣り公園,0,2,0%,47
村櫛,0,2,0%,49.5
岩手 キス釣り,0,2,0%,51
浜名湖 ジギング,0,2,0%,52
浜名湖パークビレッジ 予約,0,2,0%,52.5
浜名湖フィッシングリゾート 攻略,0,2,0%,54.5
太刀魚 時期 静岡,0,2,0%,57.5
浜名湖 カヤック 持ち込み,0,2,0%,59.5
浜名湖海釣り公園,0,2,0%,61.5
コウイカ アオリイカ,0,2,0%,62
浜名湖 ブラックバス,0,2,0%,64
キビレとは,0,2,0%,66.5
windy 使い方 釣り,0,2,0%,67.5
アオリイカ レシピ プロ,0,2,0%,69
ハゼクラ タックル,0,2,0%,73.5
チニング 冬,0,2,0%,78
浜名湖橋,0,2,0%,80
鷲津,0,2,0%,82.5
浜名湖 橋,0,2,0%,83
11 月 釣り,0,2,0%,90
アオリイカ 食べ方,0,2,0%,93
クロダイ 味,0,2,0%,93.5
ふかせ釣り,0,1,0%,1
エギング 時期,0,1,0%,1
今切口 釣り,0,1,0%,1
内浦湾 水深,0,1,0%,1
岐佐神社,0,1,0%,1
愛知県豊橋市,0,1,0%,1
新城 観光,0,1,0%,1
浜名湖 水遊び,0,1,0%,1
浜松 海岸,0,1,0%,1
用宗漁港,0,1,0%,1
葦毛湿原,0,1,0%,1
釣り,0,1,0%,1
静岡,0,1,0%,1
クロダイ（チヌ）,0,1,0%,2
新居港,0,1,0%,2
浜名湖 どこ,0,1,0%,2
浜名湖 何番目,0,1,0%,2
猪鼻湖 ランニング,0,1,0%,2
駐車場,0,1,0%,2
キス釣れる場所,0,1,0%,3
浜名湖 シーカーズ,0,1,0%,3
浜名湖 釣り 7月,0,1,0%,3
浜松 野鳥,0,1,0%,3
海,0,1,0%,3
釣り餌 売ってる場所,0,1,0%,3
６月,0,1,0%,3
えびすき漁 浜名湖,0,1,0%,4
キス 仕掛け,0,1,0%,4
チヌ 2月,0,1,0%,4
導流堤,0,1,0%,4
新居海釣り公園 冬,0,1,0%,4
浜名湖ガーデンパーク,0,1,0%,4
浜名湖競艇場 写真,0,1,0%,4
湖西市新居町,0,1,0%,4
2025年 7月,0,1,0%,5
カサゴ釣れる場所,0,1,0%,5
チニング,0,1,0%,5
フィッシング ジョイ,0,1,0%,5
ライブカメラ,0,1,0%,5
最寄りの釣具屋さん,0,1,0%,5
浜名湖マゴチ ポイント,0,1,0%,5
浜名湖周辺,0,1,0%,5
近く 釣り餌,0,1,0%,5
近く 釣具屋さん,0,1,0%,5
近くのキス釣り,0,1,0%,5
おかっぱり,0,1,0%,6
カレイ釣り 1月,0,1,0%,6
キサゴ,0,1,0%,6
キススペシャル,0,1,0%,6
キス釣り スポット,0,1,0%,6
サーフ 11月,0,1,0%,6
内浦湾 釣りポイント,0,1,0%,6
冬 湖 釣り,0,1,0%,6
浜名湖 釣具,0,1,0%,6
浜名湖イカ釣りポイント,0,1,0%,6
近く の 釣具 屋,0,1,0%,6