上位のページ,クリック数,表示回数,CTR,掲載順位
https://cho-hamanako.info/2024/11/浜名湖シロギス釣りのベストポイント5選！初心者/,1276,8713,14.64%,7.28
https://cho-hamanako.info/2024/08/猪鼻湖（三ヶ日）～奥浜名湖の釣りポイント紹介/,1168,7944,14.7%,6.81
https://cho-hamanako.info/2024/08/中之島・渚園～表浜名湖の釣りポイント紹介～/,800,7584,10.55%,7.79
https://cho-hamanako.info/2024/08/舘山寺（内浦湾）～奥浜名湖の釣りポイント紹介/,628,4711,13.33%,7.22
https://cho-hamanako.info/2024/08/都田川河口～奥浜名湖の釣りポイント紹介～/,626,5880,10.65%,6.57
https://cho-hamanako.info/2025/10/【初心者必見】浜名湖釣りのルールとマナー完全/,584,4905,11.91%,7.28
https://cho-hamanako.info/2024/11/浜名湖で楽しむアジングの醍醐味：評価の高いポ/,578,7715,7.49%,7.7
https://cho-hamanako.info/2024/08/村櫛漁港付近・ガーデンパーク～中浜名湖の釣り/,529,3373,15.68%,7.11
https://cho-hamanako.info/2024/10/浜名湖でスズキ（シーバス）釣りのおすすめポイ/,446,5037,8.85%,11.38
https://cho-hamanako.info/2024/10/12月の浜名湖でおすすめの釣りポイント/,438,4283,10.23%,9.49
https://cho-hamanako.info/2024/11/1月の浜名湖で狙える！釣り人おすすめポイントと/,359,2645,13.57%,9.45
https://cho-hamanako.info/2024/12/浜名湖でカサゴを釣りたいならここ！おすすめの/,356,2682,13.27%,7.24
https://cho-hamanako.info/2024/11/【初心者必見】冬の浜名湖でカレイを釣る方法！/,354,2375,14.91%,9.45
https://cho-hamanako.info/2024/09/家族で安心！浜名湖で車横付け可能な釣り場と設/,348,2773,12.55%,6.19
https://cho-hamanako.info/2024/10/11月の浜名湖でおすすめの釣りポイント5選/,344,2043,16.84%,7.46
https://cho-hamanako.info/2024/11/浜名湖周辺にある釣具店をエリア別やおすすめで/,333,11479,2.9%,8.21
https://cho-hamanako.info/2024/11/【完全ガイド】浜名湖でハゼ釣りを楽しむ！おす/,318,5799,5.48%,9.09
https://cho-hamanako.info/2024/11/釣りにめっちゃ役立つ！浜名湖全域の水深を知る/,312,4193,7.44%,4.59
https://cho-hamanako.info/2025/02/7月の浜名湖でおすすめの釣りポイント7選/,312,3286,9.49%,10.95
https://cho-hamanako.info/2024/08/瀬戸水道～奥浜名湖の釣りポイント紹介～/,261,2419,10.79%,7.24
https://cho-hamanako.info/2025/10/冬の浜名湖釣りガイド｜初心者向けの釣り方とお/,247,1817,13.59%,6.88
https://cho-hamanako.info/2024/08/新居弁天海釣公園～表浜名湖の釣りポイント～/,244,4137,5.9%,13.37
https://cho-hamanako.info/2024/11/浜名湖でおすすめのウェーディングポイント10選と/,230,1231,18.68%,9.41
https://cho-hamanako.info/2024/12/2月の浜名湖でおすすめの釣りポイント6選/,228,1249,18.25%,7.73
https://cho-hamanako.info/2024/11/浜名湖でタチウオを釣るならここ！おすすめ釣り/,222,2022,10.98%,9.41
https://cho-hamanako.info/2024/11/浜名湖でサヨリを釣る方法！おすすめのシーズン/,207,1740,11.9%,8.52
https://cho-hamanako.info/blog/guide/beginner/hamanako-fishing-rules-and-manners/,200,2593,7.71%,7.65
https://cho-hamanako.info/2025/01/3月の浜名湖でおすすめの釣りポイント9選/,192,2182,8.8%,10.7
https://cho-hamanako.info/2024/11/浜名湖でカワハギを釣る方法完全ガイド！釣れる/,171,1938,8.82%,8.46
https://cho-hamanako.info/2026/01/hamanako-bachinuke-seabuss/,167,664,25.15%,4.42
https://cho-hamanako.info/2024/11/湖南高校周辺～中浜名湖のポイント紹介～/,164,2467,6.65%,10.42
https://cho-hamanako.info/2024/11/浜名湖でメバルを釣る方法～初心者から上級者ま/,160,1771,9.03%,10.04
https://cho-hamanako.info/2024/11/浜名湖でサビキ釣りを楽しもう！おすすめのシー/,159,3257,4.88%,9.27
https://cho-hamanako.info/2024/12/tactics-fish-kasago/,158,1050,15.05%,5.68
https://cho-hamanako.info/2024/10/浜名湖でキビレを釣るおすすめのポイントと方法/,154,3063,5.03%,11
https://cho-hamanako.info/2024/08/はまゆう大橋～中浜名湖の釣りポイント紹介～/,148,1925,7.69%,9.54
https://cho-hamanako.info/2024/08/佐久米海岸～奥浜名湖の釣りポイント紹介～/,143,1325,10.79%,8.28
https://cho-hamanako.info/2025/04/浜名湖でメジナを釣る方法のまとめ！初心者にも/,138,978,14.11%,9.85
https://cho-hamanako.info/2024/09/10月の浜名湖でおすすめの釣りポイント8選/,137,922,14.86%,7.65
https://cho-hamanako.info/2024/08/乙女園・サクラマル（弁天島）～表浜名湖の釣り/,136,2242,6.07%,8.93
https://cho-hamanako.info/2024/12/釣りに行く直前、浜名湖の状況をライブカメラや/,131,11320,1.16%,6.03
https://cho-hamanako.info/2024/08/伊目～奥浜名湖の釣りポイント紹介～/,115,1407,8.17%,10.27
https://cho-hamanako.info/2024/08/鷲津湾周辺～中浜名湖の釣りポイント紹介～/,112,1152,9.72%,7.37
https://cho-hamanako.info/2025/12/seabass-winter-pointtactics/,111,478,23.22%,8.61
https://cho-hamanako.info/2024/11/浜名湖パークビレッジ付近～表浜名湖の釣りポイ/,105,461,22.78%,8.93
https://cho-hamanako.info/2024/08/気賀・寸座～奥浜名湖の釣りポイント紹介～/,101,905,11.16%,9.78
https://cho-hamanako.info/2024/08/庄内湖～奥浜名湖の釣りポイント紹介～/,100,2337,4.28%,8.48
https://cho-hamanako.info/points/wading-points/,99,361,27.42%,4.47
https://cho-hamanako.info/2024/08/ボートレース浜名湖（浜名湖競艇場）～表浜名湖/,96,1355,7.08%,11.35
https://cho-hamanako.info/,77,2473,3.11%,15.55
https://cho-hamanako.info/2024/08/女河浦海水浴場～中浜名湖の釣りポイント紹介～/,76,1023,7.43%,7.57
https://cho-hamanako.info/2025/09/9月の浜名湖カレイ釣り開幕！投げ釣りで狙う秋の/,74,882,8.39%,7.77
https://cho-hamanako.info/2025/12/hamana-winter-tinu-tactics/,69,792,8.71%,8.98
https://cho-hamanako.info/2026/02/bachinuke-forecast/,64,330,19.39%,5.58
https://cho-hamanako.info/2024/08/松見ヶ浦～中浜名湖の釣りポイント紹介～/,60,1068,5.62%,6.82
https://cho-hamanako.info/2025/12/araibenten-12m-winter-fishguide/,58,457,12.69%,7.55
https://cho-hamanako.info/2025/01/浜名湖の水温をチェックできる有能なウェブサイ/,51,1064,4.79%,9.46
https://cho-hamanako.info/tag/マゴチ/,51,471,10.83%,6.77
https://cho-hamanako.info/2025/11/hirame-hama-11/,43,677,6.35%,8.16
https://cho-hamanako.info/2025/11/araibenten-11-5select/,42,1029,4.08%,8.78
https://cho-hamanako.info/2025/10/【秋の浜名湖】初心者におすすめハゼ・アジ釣り/,42,732,5.74%,9.27
https://cho-hamanako.info/2025/12/hamanako-12season-fishguide/,42,365,11.51%,8.71
https://cho-hamanako.info/2024/08/浜名湖の干潟サイトフィッシング～中浜名湖の釣/,39,309,12.62%,16.93
https://cho-hamanako.info/2025/11/hamanako-egging-technic-timepoint/,36,661,5.45%,6.51
https://cho-hamanako.info/2024/09/今何が釣れる？浜名湖釣魚カレンダーを公開/,36,519,6.94%,9.46
https://cho-hamanako.info/2025/12/hamana-kasago-bignner-winter/,33,518,6.37%,6.82
https://cho-hamanako.info/blog/yearly-fishing-calendar/,32,792,4.04%,8.41
https://cho-hamanako.info/2025/10/10月の浜名湖ハゼ釣り完全ガイド！秋の大型ハゼを/,31,305,10.16%,10.44
https://cho-hamanako.info/blog/june-tako-opening/,26,202,12.87%,8.27
https://cho-hamanako.info/2025/11/hama11-karei-jsseki/,25,161,15.53%,7.55
https://cho-hamanako.info/2024/11/浜名湖の魚を全て釣るには？エサ釣りとルアー釣/,22,384,5.73%,14.44
https://cho-hamanako.info/2025/12/hamanako-mebaru-winter-ptactics/,22,186,11.83%,10.33
https://cho-hamanako.info/category/奥浜名湖/,21,310,6.77%,6.86
https://cho-hamanako.info/category/表浜名湖/,20,942,2.12%,6.73
https://cho-hamanako.info/2025/12/winter12-3-lightgame-rockfish/,18,167,10.78%,9.38
https://cho-hamanako.info/2025/11/bansyu-seabass-area/,18,115,15.65%,8.82
https://cho-hamanako.info/blog/guide/theory/night-fishing-light/,17,225,7.56%,7.56
https://cho-hamanako.info/points/amihosiba/,15,378,3.97%,9.05
https://cho-hamanako.info/blog/weekly-report-2026-04-02/,15,189,7.94%,10.35
https://cho-hamanako.info/tag/サヨリ/,15,162,9.26%,10.28
https://cho-hamanako.info/tag/シーバス/,15,143,10.49%,17.78
https://cho-hamanako.info/2024/09/家族で安心！浜名湖で車横付け可能な釣り場と設/#index_id0,14,1768,0.79%,3.06
https://cho-hamanako.info/2026/01/hamanako-tsurigushop-choice/,14,148,9.46%,6.41
https://cho-hamanako.info/2024/11/浜名湖シロギス釣りのベストポイント5選！初心者/#index_id0,13,5950,0.22%,4.49
https://cho-hamanako.info/2025/11/hamanako-aorisq-bignner-guide/,13,243,5.35%,8.05
https://cho-hamanako.info/2026/02/feb-season-forecast/,13,151,8.61%,6.64
https://cho-hamanako.info/map/,12,398,3.02%,10.67
https://cho-hamanako.info/blog/kisu-points/,12,118,10.17%,11.38
https://cho-hamanako.info/blog/7-month/,11,186,5.91%,8.12
https://cho-hamanako.info/points/drive-fishing-spots/,11,176,6.25%,8.06
https://cho-hamanako.info/blog/guide/method/ajing-guide/,11,172,6.4%,8.66
https://cho-hamanako.info/2025/11/beginner-haze-konanch/,11,113,9.73%,8.41
https://cho-hamanako.info/blog/anazuri/,11,88,12.5%,6.62
https://cho-hamanako.info/blog/may-fishing/,11,68,16.18%,11.65
https://cho-hamanako.info/blog/chinutop-july/,11,33,33.33%,8.73
https://cho-hamanako.info/2024/11/omote-hamanako-konankoukou/,10,407,2.46%,9.67
https://cho-hamanako.info/2024/08/新居町中之郷付近～中浜名湖の釣りポイント紹介/,10,173,5.78%,12.47
https://cho-hamanako.info/points/araibenten-umiduripark/,10,153,6.54%,10.11
https://cho-hamanako.info/points/mejina-fukabori/,10,124,8.06%,9.34
https://cho-hamanako.info/blog/benten-nagashi-fishing/,10,64,15.62%,9.06
https://cho-hamanako.info/blog/squid-complete/,9,109,8.26%,8.12
https://cho-hamanako.info/blog/target/eging/squid-complete/,9,106,8.49%,7.68
https://cho-hamanako.info/blog/guide/method/fukase-fishing/,9,106,8.49%,9.63
https://cho-hamanako.info/2025/10/10月の浜名湖投げ釣り入門！カワハギ・ヘダイを狙/,9,103,8.74%,9.37
https://cho-hamanako.info/2024/08/村櫛漁港付近・ガーデンパーク～中浜名湖の釣り/#index_id0,8,1783,0.45%,2.98
https://cho-hamanako.info/blog/4-month/,8,64,12.5%,8.14
https://cho-hamanako.info/blog/night-chining/,8,60,13.33%,12.83
https://cho-hamanako.info/blog/seabass-points/,8,51,15.69%,11.78
https://cho-hamanako.info/2026/01/winter-mebaru-beginner/,8,47,17.02%,12.28
https://cho-hamanako.info/points/oku/pokochan-coast/,8,28,28.57%,5.36
https://cho-hamanako.info/blog/hamanako-kayak-fishing/,8,19,42.11%,4.84
https://cho-hamanako.info/2025/10/【初心者必見】浜名湖釣りのルールとマナー完全/#index_id1,7,2177,0.32%,5.38
https://cho-hamanako.info/points/ajing-fukabori/,7,151,4.64%,8.66
https://cho-hamanako.info/blog/hamana-depth-map-guide/,7,123,5.69%,8.2
https://cho-hamanako.info/2026/02/bachinuke-tackle/,7,76,9.21%,9.62
https://cho-hamanako.info/blog/winter-shinp-strategy/,7,64,10.94%,8.19
https://cho-hamanako.info/blog/bentenjima/,7,59,11.86%,8.49
https://cho-hamanako.info/points/naka/washidukou/,7,34,20.59%,6.71
https://cho-hamanako.info/2024/11/浜名湖でサヨリを釣る方法！おすすめのシーズン/#index_id1,6,875,0.69%,3.06
https://cho-hamanako.info/blog/season/yearly-fishing-calendar,6,86,6.98%,7.97
https://cho-hamanako.info/2025/11/11bansyu-kibire-float/,6,45,13.33%,7.24
https://cho-hamanako.info/blog/guide/method/night-fishing/,6,35,17.14%,6.66
https://cho-hamanako.info/2024/08/村櫛漁港付近・ガーデンパーク～中浜名湖の釣り/#index_id2,5,1740,0.29%,2.99
https://cho-hamanako.info/2025/10/冬の浜名湖釣りガイド｜初心者向けの釣り方とお/#index_id0,5,1192,0.42%,4.72
https://cho-hamanako.info/blog/travel/hamanako-kanko-hub/,5,122,4.1%,18.35
https://cho-hamanako.info/tag/青物/,5,107,4.67%,11.92
https://cho-hamanako.info/blog/guide/logistics/parking-toilet-guide,5,52,9.62%,10.1
https://cho-hamanako.info/blog/guide/method/cho-nage-fishing/,5,48,10.42%,11.08
https://cho-hamanako.info/blog/guide/method/hamanako-kayak-fishing/,5,20,25%,6.15
https://cho-hamanako.info/points/naka/gardenpark/,5,15,33.33%,5.8
https://cho-hamanako.info/2024/11/浜名湖シロギス釣りのベストポイント5選！初心者/#index_id2,4,5854,0.07%,4.48
https://cho-hamanako.info/2024/08/猪鼻湖（三ヶ日）～奥浜名湖の釣りポイント紹介/#index_id0,4,4252,0.09%,4.17
https://cho-hamanako.info/2024/08/中之島・渚園～表浜名湖の釣りポイント紹介～/#index_id0,4,3952,0.1%,4.39
https://cho-hamanako.info/2024/08/都田川河口～奥浜名湖の釣りポイント紹介～/#index_id0,4,3780,0.11%,4.35
https://cho-hamanako.info/2024/08/舘山寺（内浦湾）～奥浜名湖の釣りポイント紹介/#index_id0,4,2436,0.16%,4.03
https://cho-hamanako.info/2024/09/家族で安心！浜名湖で車横付け可能な釣り場と設/#index_id2,4,1642,0.24%,3.11
https://cho-hamanako.info/2024/11/【初心者必見】冬の浜名湖でカレイを釣る方法！/#index_id0,4,1414,0.28%,4.92
https://cho-hamanako.info/2024/11/浜名湖でタチウオを釣るならここ！おすすめ釣り/#index_id0,4,1269,0.32%,4.74
https://cho-hamanako.info/2024/11/1月の浜名湖で狙える！釣り人おすすめポイントと/#index_id0,4,1147,0.35%,5.14
https://cho-hamanako.info/2024/11/浜名湖でサヨリを釣る方法！おすすめのシーズン/#index_id0,4,836,0.48%,3.06
https://cho-hamanako.info/2025/10/夏の浜名湖釣り入門｜サビキ・タコ釣りで子供も/,4,326,1.23%,11.21
https://cho-hamanako.info/category/中浜名湖/,4,233,1.72%,12.77
https://cho-hamanako.info/blog/target/karei/kareing/,4,70,5.71%,11.21
https://cho-hamanako.info/blog/guide/method/,4,70,5.71%,12.19
https://cho-hamanako.info/points/boatrace-hamanako/,4,64,6.25%,7.48
https://cho-hamanako.info/blog/guide/method/hamanako-boat-fishing/,4,60,6.67%,13.15
https://cho-hamanako.info/points/sunaageba/,4,59,6.78%,10.61
https://cho-hamanako.info/blog/shops/,4,55,7.27%,7.38
https://cho-hamanako.info/blog/8-month/,4,47,8.51%,6.89
https://cho-hamanako.info/2025/11/mebaru-yoduri-11gatu/,4,42,9.52%,15.98
https://cho-hamanako.info/blog/weekly-report-2026-04-02,4,39,10.26%,9.21
https://cho-hamanako.info/blog/guide/method/anazuri/,4,32,12.5%,6.28
https://cho-hamanako.info/points/kangetsuen/,4,31,12.9%,7.1
https://cho-hamanako.info/blog/target/seabass/bachinuke-forecast/,4,26,15.38%,7.54
https://cho-hamanako.info/blog/eging-tactics/,4,24,16.67%,7.88
https://cho-hamanako.info/blog/tako-points/,4,17,23.53%,8.76
https://cho-hamanako.info/blog/bait-vending-machines/,4,15,26.67%,7.27
https://cho-hamanako.info/blog/hamanako-kurodai-topwater/,4,15,26.67%,8.33
https://cho-hamanako.info/blog/guide/theory/imagiri-current-logic/,4,5,80%,6.8
https://cho-hamanako.info/2024/08/都田川河口～奥浜名湖の釣りポイント紹介～/#index_id1,3,3768,0.08%,4.35
https://cho-hamanako.info/2024/08/猪鼻湖（三ヶ日）～奥浜名湖の釣りポイント紹介/#index_id1,3,2888,0.1%,4.29
https://cho-hamanako.info/2025/10/【初心者必見】浜名湖釣りのルールとマナー完全/#index_id11,3,2338,0.13%,5.2
https://cho-hamanako.info/2024/12/浜名湖でカサゴを釣りたいならここ！おすすめの/#index_id2,3,1063,0.28%,3.35
https://cho-hamanako.info/2024/11/湖南高校周辺～中浜名湖のポイント紹介～/#index_id0,3,757,0.4%,8.75
https://cho-hamanako.info/2024/12/釣りに行く直前、浜名湖の状況をライブカメラや/#index_id0,3,706,0.42%,4.35
https://cho-hamanako.info/2024/08/女河浦海水浴場～中浜名湖の釣りポイント紹介～/#index_id0,3,534,0.56%,6.61
https://cho-hamanako.info/2025/01/浜名湖の水温をチェックできる有能なウェブサイ/#index_id0,3,294,1.02%,8.16
https://cho-hamanako.info/2026/02/bachinuke-forecast/#index_id4,3,88,3.41%,3.76
https://cho-hamanako.info/points/haze-fukabori/,3,75,4%,12.83
https://cho-hamanako.info/points/sakujyoseki/,3,68,4.41%,7.41
https://cho-hamanako.info/blog/guide/beginner/hamanako-sabiki-best-season/,3,61,4.92%,8.54
https://cho-hamanako.info/blog/mebaru-kasago-beginner/,3,52,5.77%,8.63
https://cho-hamanako.info/blog/season/monthly/1-month/,3,49,6.12%,12.67
https://cho-hamanako.info/category/points/,3,46,6.52%,16.83
https://cho-hamanako.info/2025/11/11gatu-hamakawahagi-rec/,3,43,6.98%,9.98
https://cho-hamanako.info/tag/ハゼ/,3,42,7.14%,21.26
https://cho-hamanako.info/map/?area=%E5%A5%A5%E6%B5%9C%E5%90%8D%E6%B9%96,3,40,7.5%,21
https://cho-hamanako.info/points/nakanoshima/,3,39,7.69%,7.18
https://cho-hamanako.info/points/yuto-yamazaki/,3,34,8.82%,9.53
https://cho-hamanako.info/blog/guide/beginner/hamanako-poisonous-fish-guide/,3,30,10%,6.43
https://cho-hamanako.info/points/seabass-season-fukabori/,3,30,10%,10.53
https://cho-hamanako.info/blog/guide/method/benten-nagashi-fishing/,3,29,10.34%,6.66
https://cho-hamanako.info/2026/02/matsumigaura-guide-winter/,3,28,10.71%,11
https://cho-hamanako.info/points/syotaijihana/,3,27,11.11%,6.63
https://cho-hamanako.info/points/imagiremaisakatei/,3,21,14.29%,7.24
https://cho-hamanako.info/points/konankoukou/,3,20,15%,7
https://cho-hamanako.info/2026/01/2026-anazuri-guide/,3,18,16.67%,7.33
https://cho-hamanako.info/blog/guide/theory/turbidity-water-color/,3,17,17.65%,6.76
https://cho-hamanako.info/blog/mejina/,3,17,17.65%,13.88
https://cho-hamanako.info/blog/chinutop-lures/,3,15,20%,6.93
https://cho-hamanako.info/blog/guide/logistics/bait-vending-machines/,3,12,25%,4.58
https://cho-hamanako.info/2026/02/deep-haze-kibire/,3,10,30%,14.5
https://cho-hamanako.info/blog/fukase-nimaishio-logic/,3,8,37.5%,7.25
https://cho-hamanako.info/blog/bachinuke-tackle/,3,7,42.86%,7.86
https://cho-hamanako.info/blog/night-chining,3,4,75%,7.25
https://cho-hamanako.info/2024/11/浜名湖で楽しむアジングの醍醐味：評価の高いポ/#index_id1,2,5517,0.04%,6.18
https://cho-hamanako.info/2024/11/浜名湖で楽しむアジングの醍醐味：評価の高いポ/#index_id3,2,5511,0.04%,6.19
https://cho-hamanako.info/2024/11/浜名湖シロギス釣りのベストポイント5選！初心者/#index_id1,2,5221,0.04%,4.56
https://cho-hamanako.info/2024/11/浜名湖シロギス釣りのベストポイント5選！初心者/#index_id4,2,4901,0.04%,4.46
https://cho-hamanako.info/2024/11/浜名湖周辺にある釣具店をエリア別やおすすめで/#index_id0,2,4650,0.04%,6.3
https://cho-hamanako.info/2024/08/都田川河口～奥浜名湖の釣りポイント紹介～/#index_id2,2,3780,0.05%,4.35
https://cho-hamanako.info/2024/08/猪鼻湖（三ヶ日）～奥浜名湖の釣りポイント紹介/#index_id2,2,3716,0.05%,4.22
https://cho-hamanako.info/2024/08/猪鼻湖（三ヶ日）～奥浜名湖の釣りポイント紹介/#index_id5,2,3715,0.05%,4.22
https://cho-hamanako.info/2024/11/【完全ガイド】浜名湖でハゼ釣りを楽しむ！おす/#index_id4,2,3398,0.06%,7.76
https://cho-hamanako.info/2024/11/釣りにめっちゃ役立つ！浜名湖全域の水深を知る/#index_id0,2,2637,0.08%,6.65
https://cho-hamanako.info/2024/08/舘山寺（内浦湾）～奥浜名湖の釣りポイント紹介/#index_id2,2,2212,0.09%,4.11
https://cho-hamanako.info/2024/09/家族で安心！浜名湖で車横付け可能な釣り場と設/#index_id1,2,1618,0.12%,3.11
https://cho-hamanako.info/2024/11/【初心者必見】冬の浜名湖でカレイを釣る方法！/#index_id3,2,1426,0.14%,4.98
https://cho-hamanako.info/2024/11/【初心者必見】冬の浜名湖でカレイを釣る方法！/#index_id8,2,1330,0.15%,5.03
https://cho-hamanako.info/2024/10/浜名湖でキビレを釣るおすすめのポイントと方法/#index_id0,2,1187,0.17%,5.94
https://cho-hamanako.info/2024/11/浜名湖でサヨリを釣る方法！おすすめのシーズン/#index_id2,2,773,0.26%,2.95
https://cho-hamanako.info/2024/10/11月の浜名湖でおすすめの釣りポイント5選/#index_id1,2,610,0.33%,3.19
https://cho-hamanako.info/2025/04/浜名湖でメジナを釣る方法のまとめ！初心者にも/#index_id0,2,496,0.4%,4.01
https://cho-hamanako.info/blog/mejina-cooking/,2,57,3.51%,8.91
https://cho-hamanako.info/blog/season/yearly-fishing-calendar/,2,55,3.64%,7.44
https://cho-hamanako.info/blog/target/mebaru-kasago/,2,45,4.44%,9.31
https://cho-hamanako.info/points/miyakodagawa/,2,39,5.13%,9.15
https://cho-hamanako.info/blog/rental-boat-guide/,2,29,6.9%,6.48
https://cho-hamanako.info/category/spacies/,2,28,7.14%,28.57
https://cho-hamanako.info/blog/12-month/,2,27,7.41%,10.96
https://cho-hamanako.info/blog/karei-tactics/,2,25,8%,9.72
https://cho-hamanako.info/points/tako-fukabori,2,25,8%,10.48
https://cho-hamanako.info/blog/night-seabass/,2,23,8.7%,7.13
https://cho-hamanako.info/points/pokochan-coast/,2,17,11.76%,8.88
https://cho-hamanako.info/blog/sabiki-set-comparison/,2,15,13.33%,9.33
https://cho-hamanako.info/points/otomeen/,2,14,14.29%,7.64
https://cho-hamanako.info/2026/01/winter-flat-oyster/,2,13,15.38%,5.62
https://cho-hamanako.info/blog/haku-sasuke/,2,13,15.38%,8.23
https://cho-hamanako.info/blog/kawahagi-points/,2,13,15.38%,9.85
https://cho-hamanako.info/blog/target/seabass/beginner/,2,13,15.38%,11.38
https://cho-hamanako.info/points/nagisaen/,2,12,16.67%,4.5
https://cho-hamanako.info/blog/night-fishing/,2,12,16.67%,7.17
https://cho-hamanako.info/points/omote/kangetsuen/,2,12,16.67%,11.5
https://cho-hamanako.info/blog/eging-beginner/,2,12,16.67%,13.33
https://cho-hamanako.info/points/photonics-under/,2,11,18.18%,5.27
https://cho-hamanako.info/points/sunza/,2,11,18.18%,10.55
https://cho-hamanako.info/points/nagisaen,2,10,20%,4.5
https://cho-hamanako.info/blog/kurodai,2,7,28.57%,3.43
https://cho-hamanako.info/blog/magochi-bottom-wind,2,7,28.57%,15
https://cho-hamanako.info/points/photonics-under,2,6,33.33%,5.33
https://cho-hamanako.info/blog/bachinuke-lures/,2,5,40%,5.6
https://cho-hamanako.info/blog/target/flatfish/tactics/,2,5,40%,7.4
https://cho-hamanako.info/blog/chinutop-july,2,5,40%,14.6
https://cho-hamanako.info/blog/points-top5/,2,3,66.67%,9.33
https://cho-hamanako.info/2024/11/浜名湖で楽しむアジングの醍醐味：評価の高いポ/#index_id5,1,5402,0.02%,6.18
https://cho-hamanako.info/2024/11/浜名湖で楽しむアジングの醍醐味：評価の高いポ/#index_id0,1,4753,0.02%,6.25
https://cho-hamanako.info/2024/11/浜名湖で楽しむアジングの醍醐味：評価の高いポ/#index_id4,1,4736,0.02%,6.26
https://cho-hamanako.info/2024/08/中之島・渚園～表浜名湖の釣りポイント紹介～/#index_id5,1,4166,0.02%,4.32
https://cho-hamanako.info/2024/08/猪鼻湖（三ヶ日）～奥浜名湖の釣りポイント紹介/#index_id3,1,4138,0.02%,4.18
https://cho-hamanako.info/2024/08/中之島・渚園～表浜名湖の釣りポイント紹介～/#index_id7,1,3921,0.03%,4.36
https://cho-hamanako.info/2024/11/浜名湖周辺にある釣具店をエリア別やおすすめで/#index_id5,1,3913,0.03%,6.27
https://cho-hamanako.info/2024/08/猪鼻湖（三ヶ日）～奥浜名湖の釣りポイント紹介/#index_id4,1,3822,0.03%,4.21
https://cho-hamanako.info/2024/11/【完全ガイド】浜名湖でハゼ釣りを楽しむ！おす/#index_id9,1,3415,0.03%,7.75
https://cho-hamanako.info/2024/11/【完全ガイド】浜名湖でハゼ釣りを楽しむ！おす/#index_id0,1,3066,0.03%,7.82
https://cho-hamanako.info/2024/11/【完全ガイド】浜名湖でハゼ釣りを楽しむ！おす/#index_id6,1,2962,0.03%,7.83
https://cho-hamanako.info/2024/08/舘山寺（内浦湾）～奥浜名湖の釣りポイント紹介/#index_id1,1,2225,0.04%,4.01
https://cho-hamanako.info/2025/10/【初心者必見】浜名湖釣りのルールとマナー完全/#index_id22,1,2122,0.05%,5.27
https://cho-hamanako.info/2024/10/浜名湖でスズキ（シーバス）釣りのおすすめポイ/#index_id0,1,1831,0.05%,6.2
https://cho-hamanako.info/2024/09/家族で安心！浜名湖で車横付け可能な釣り場と設/#index_id4,1,1740,0.06%,3.06
https://cho-hamanako.info/2024/11/浜名湖でサビキ釣りを楽しもう！おすすめのシー/#index_id0,1,1696,0.06%,6.85
https://cho-hamanako.info/2024/11/浜名湖でサビキ釣りを楽しもう！おすすめのシー/#index_id1,1,1666,0.06%,6.87
https://cho-hamanako.info/2024/08/村櫛漁港付近・ガーデンパーク～中浜名湖の釣り/#index_id7,1,1520,0.07%,2.98
https://cho-hamanako.info/2024/12/浜名湖でカサゴを釣りたいならここ！おすすめの/#index_id3,1,1438,0.07%,3.25
https://cho-hamanako.info/2024/11/浜名湖でカワハギを釣る方法完全ガイド！釣れる/#index_id9,1,1410,0.07%,6.99
https://cho-hamanako.info/2024/11/【初心者必見】冬の浜名湖でカレイを釣る方法！/#index_id10,1,1278,0.08%,5.01
https://cho-hamanako.info/2024/11/浜名湖でタチウオを釣るならここ！おすすめ釣り/#index_id3,1,1252,0.08%,4.72
https://cho-hamanako.info/2024/10/浜名湖でキビレを釣るおすすめのポイントと方法/#index_id4,1,1245,0.08%,6.09
https://cho-hamanako.info/2025/10/冬の浜名湖釣りガイド｜初心者向けの釣り方とお/#index_id1,1,1194,0.08%,4.72
https://cho-hamanako.info/2025/02/7月の浜名湖でおすすめの釣りポイント7選/#index_id0,1,1149,0.09%,6.28
https://cho-hamanako.info/2024/11/浜名湖でメバルを釣る方法～初心者から上級者ま/#index_id0,1,1134,0.09%,6.04
https://cho-hamanako.info/2024/10/12月の浜名湖でおすすめの釣りポイント/#index_id0,1,1125,0.09%,5.02
https://cho-hamanako.info/2025/02/7月の浜名湖でおすすめの釣りポイント7選/#index_id7,1,894,0.11%,5.83
https://cho-hamanako.info/2024/12/tactics-fish-kasago/#index_id0,1,790,0.13%,5.01
https://cho-hamanako.info/2024/10/11月の浜名湖でおすすめの釣りポイント5選/#index_id0,1,749,0.13%,3.19
https://cho-hamanako.info/2025/02/7月の浜名湖でおすすめの釣りポイント7選/#index_id3,1,684,0.15%,6.13
https://cho-hamanako.info/2024/08/庄内湖～奥浜名湖の釣りポイント紹介～/#index_id3,1,617,0.16%,6.19
https://cho-hamanako.info/2024/11/浜名湖でサヨリを釣る方法！おすすめのシーズン/#index_id6,1,581,0.17%,3.25
https://cho-hamanako.info/2024/08/佐久米海岸～奥浜名湖の釣りポイント紹介～/#index_id2,1,557,0.18%,5.77
https://cho-hamanako.info/2024/08/佐久米海岸～奥浜名湖の釣りポイント紹介～/#index_id0,1,556,0.18%,5.77
https://cho-hamanako.info/2025/04/浜名湖でメジナを釣る方法のまとめ！初心者にも/#index_id2,1,545,0.18%,3.99
https://cho-hamanako.info/2024/08/女河浦海水浴場～中浜名湖の釣りポイント紹介～/#index_id1,1,533,0.19%,6.6
https://cho-hamanako.info/2026/01/hamanako-bachinuke-seabuss/#index_id0,1,397,0.25%,2.73
https://cho-hamanako.info/2026/01/hamanako-bachinuke-seabuss/#index_id2,1,391,0.26%,2.75
https://cho-hamanako.info/2024/11/浜名湖でサヨリを釣る方法！おすすめのシーズン/#index_id4,1,297,0.34%,3.04
https://cho-hamanako.info/2025/10/【秋の浜名湖】初心者におすすめハゼ・アジ釣り/#index_id12,1,185,0.54%,5.49
https://cho-hamanako.info/2025/12/seabass-winter-pointtactics/#index_id0,1,169,0.59%,4.94
https://cho-hamanako.info/2025/11/hamanako-egging-technic-timepoint/#index_id0,1,114,0.88%,6.54
https://cho-hamanako.info/2026/02/bachinuke-forecast/#index_id0,1,99,1.01%,3.67
https://cho-hamanako.info/2026/02/bachinuke-forecast/#index_id7,1,88,1.14%,3.76
https://cho-hamanako.info/2026/02/bachinuke-forecast/#index_id5,1,86,1.16%,3.83
https://cho-hamanako.info/blog/guide/theory/moon-phase-pattern/,1,86,1.16%,8.29
https://cho-hamanako.info/points/eging-fukabori/,1,38,2.63%,7.82
https://cho-hamanako.info/category/season/months/,1,36,2.78%,5.44
https://cho-hamanako.info/blog/tide-table-logic/,1,36,2.78%,6.33
https://cho-hamanako.info/blog/magochi-bottom-wind/,1,35,2.86%,10.74
https://cho-hamanako.info/2025/11/egingu-nyumon-guide/,1,32,3.12%,9.16
https://cho-hamanako.info/tag/浜名湖カワハギ釣り/,1,32,3.12%,17.78
https://cho-hamanako.info/map/?area=%E8%A1%A8%E6%B5%9C%E5%90%8D%E6%B9%96,1,32,3.12%,20.56
https://cho-hamanako.info/2026/02/feb-mebaring-guide/,1,29,3.45%,10.03
https://cho-hamanako.info/points/family-car-points/,1,28,3.57%,7.54
https://cho-hamanako.info/tag/猪鼻湖/,1,28,3.57%,13.96
https://cho-hamanako.info/blog/seasonal-guide/,1,26,3.85%,15.88
https://cho-hamanako.info/blog/,1,26,3.85%,27.54
https://cho-hamanako.info/blog/guide/theory/water-temperature-checking/,1,25,4%,8.64
https://cho-hamanako.info/2025/12/hamanako-winter-boukanbest/,1,24,4.17%,8
https://cho-hamanako.info/blog/guide/theory/barometric-pressure-fishing/,1,21,4.76%,8.95
https://cho-hamanako.info/tag/カサゴ/,1,20,5%,13.1
https://cho-hamanako.info/map?area=%E4%B8%AD%E6%B5%9C%E5%90%8D%E6%B9%96,1,19,5.26%,11.37
https://cho-hamanako.info/blog/tako/,1,19,5.26%,19.37
https://cho-hamanako.info/tag/イワシ/,1,18,5.56%,11.22
https://cho-hamanako.info/blog/target/kibire/,1,18,5.56%,19.11
https://cho-hamanako.info/blog/01-january-kasago/,1,17,5.88%,8.41
https://cho-hamanako.info/blog/chinu-nokkomi-bait/,1,17,5.88%,9.47
https://cho-hamanako.info/blog/season/monthly/2-month/,1,16,6.25%,6.56
https://cho-hamanako.info/blog/target,1,16,6.25%,7.5
https://cho-hamanako.info/points/nakanoshima,1,16,6.25%,9.88
https://cho-hamanako.info/category/points/omote-hamanako/,1,16,6.25%,12.94
https://cho-hamanako.info/blog/kurodai/,1,14,7.14%,5.29
https://cho-hamanako.info/points/utiyama-kaigan,1,14,7.14%,6.93
https://cho-hamanako.info/blog/flatfish/,1,14,7.14%,8.64
https://cho-hamanako.info/blog/tako-tactics/,1,14,7.14%,10.79
https://cho-hamanako.info/points/mio-suji-area-fukabori,1,13,7.69%,9.38
https://cho-hamanako.info/blog/aji-saba-sappa/,1,13,7.69%,10.38
https://cho-hamanako.info/points/haze-fukabori,1,13,7.69%,14.31
https://cho-hamanako.info/points/boatrace-hamanako,1,13,7.69%,15
https://cho-hamanako.info/blog/guide/theory/structure-theory/,1,12,8.33%,7
https://cho-hamanako.info/points/fukabori/haze-fukabori/,1,12,8.33%,10.42
https://cho-hamanako.info/blog/flatfish-beginner/,1,11,9.09%,6.91
https://cho-hamanako.info/blog/aji-saba-sappa-beginner/,1,11,9.09%,11.27
https://cho-hamanako.info/blog/night-seabass,1,10,10%,6.8
https://cho-hamanako.info/blog/rental-boat-guide,1,10,10%,7.7
https://cho-hamanako.info/points/utiyama-kaigan/,1,10,10%,7.9
https://cho-hamanako.info/points/chining-fukabori/,1,10,10%,9.2
https://cho-hamanako.info/points/sakujyoseki,1,9,11.11%,4.44
https://cho-hamanako.info/points/naka/aeontown-kosai/,1,9,11.11%,7.56
https://cho-hamanako.info/blog/kibire-complete-guide/,1,9,11.11%,8.22
https://cho-hamanako.info/blog/tako-cooking/,1,9,11.11%,9.44
https://cho-hamanako.info/blog/target/seabass/beginner,1,9,11.11%,11.44
https://cho-hamanako.info/blog/mebaru-kasago/,1,9,11.11%,11.89
https://cho-hamanako.info/points/omote/parkvillege/,1,8,12.5%,7
https://cho-hamanako.info/blog/3-month,1,8,12.5%,12.38
https://cho-hamanako.info/blog/chinu-nokkomi-bait,1,7,14.29%,9.29
https://cho-hamanako.info/tag/クロダイ/,1,6,16.67%,12
https://cho-hamanako.info/points/sakumekaigan/,1,5,20%,4.4
https://cho-hamanako.info/points/ina/,1,5,20%,5.4
https://cho-hamanako.info/blog/okuhamanako-haze-fishing,1,5,20%,7.8
https://cho-hamanako.info/blog/mebaru-kasago,1,5,20%,8
https://cho-hamanako.info/blog/guide/method/winter-lightgame,1,5,20%,14.8
https://cho-hamanako.info/blog/weekly-report-2026-04-09,1,4,25%,6
https://cho-hamanako.info/points/omote/kangetsuen,1,4,25%,8.25
https://cho-hamanako.info/points/bentenjimakaihinkouen,1,4,25%,9.5
https://cho-hamanako.info/blog/guide/method/hamanako-sup-fishing/,1,4,25%,10.5
https://cho-hamanako.info/blog/guide,1,4,25%,42.25
https://cho-hamanako.info/blog/august-hazekura,1,3,33.33%,4.33
https://cho-hamanako.info/blog/mebaru-kasago-beginner,1,3,33.33%,4.33
https://cho-hamanako.info/2026/02/wading-safety-core/,1,3,33.33%,6
https://cho-hamanako.info/2026/02/winter-safety-wind/,1,3,33.33%,7
https://cho-hamanako.info/points/tako-fukabori/,1,3,33.33%,7
https://cho-hamanako.info/points/wading-points,1,3,33.33%,37.67
https://cho-hamanako.info/blog/guide/method/hamanako-kayak-fishing,1,2,50%,2.5
https://cho-hamanako.info/blog/bachinuke-season-forecast-2026,1,2,50%,3.5
https://cho-hamanako.info/blog/parking-toilet-guide/,1,2,50%,7.5
https://cho-hamanako.info/blog/seabass-cooking,1,2,50%,7.5
https://cho-hamanako.info/points/fukabori/haze-fukabori,1,1,100%,1
https://cho-hamanako.info/points/megaura/,1,1,100%,2
https://cho-hamanako.info/points/matsumigaura/,1,1,100%,3
https://cho-hamanako.info/blog/karei-beginner,1,1,100%,4
https://cho-hamanako.info/points/ina,1,1,100%,4
https://cho-hamanako.info/points/naka/arai-nakanogo,1,1,100%,6
https://cho-hamanako.info/blog/4-month,1,1,100%,13
https://cho-hamanako.info/2024/11/浜名湖シロギス釣りのベストポイント5選！初心者/#index_id5,0,5675,0%,4.47
https://cho-hamanako.info/2024/11/浜名湖シロギス釣りのベストポイント5選！初心者/#index_id8,0,5391,0%,4.58
https://cho-hamanako.info/2024/11/浜名湖で楽しむアジングの醍醐味：評価の高いポ/#index_id2,0,4767,0%,6.27
https://cho-hamanako.info/2024/11/浜名湖で楽しむアジングの醍醐味：評価の高いポ/#index_id6,0,4721,0%,6.26
https://cho-hamanako.info/2024/08/中之島・渚園～表浜名湖の釣りポイント紹介～/#index_id2,0,4037,0%,4.27
https://cho-hamanako.info/2024/08/猪鼻湖（三ヶ日）～奥浜名湖の釣りポイント紹介/#index_id6,0,3710,0%,4.22
https://cho-hamanako.info/2024/11/浜名湖周辺にある釣具店をエリア別やおすすめで/#index_id1,0,3704,0%,6.15
https://cho-hamanako.info/2024/11/浜名湖シロギス釣りのベストポイント5選！初心者/#index_id3,0,3601,0%,4.33
https://cho-hamanako.info/2024/11/浜名湖周辺にある釣具店をエリア別やおすすめで/#index_id8,0,3532,0%,6.02
https://cho-hamanako.info/2024/11/浜名湖周辺にある釣具店をエリア別やおすすめで/#index_id2,0,3392,0%,5.99
https://cho-hamanako.info/2024/11/浜名湖周辺にある釣具店をエリア別やおすすめで/#index_id4,0,3283,0%,6.18
https://cho-hamanako.info/2024/08/都田川河口～奥浜名湖の釣りポイント紹介～/#index_id3,0,3261,0%,4.36
https://cho-hamanako.info/2024/08/都田川河口～奥浜名湖の釣りポイント紹介～/#index_id4,0,3261,0%,4.36
https://cho-hamanako.info/2024/11/浜名湖周辺にある釣具店をエリア別やおすすめで/#index_id7,0,2946,0%,6.15
https://cho-hamanako.info/2024/11/【完全ガイド】浜名湖でハゼ釣りを楽しむ！おす/#index_id8,0,2745,0%,7.87
https://cho-hamanako.info/2024/11/【完全ガイド】浜名湖でハゼ釣りを楽しむ！おす/#index_id7,0,2690,0%,7.67
https://cho-hamanako.info/2024/11/釣りにめっちゃ役立つ！浜名湖全域の水深を知る/#index_id1,0,2353,0%,6.76
https://cho-hamanako.info/2025/10/【初心者必見】浜名湖釣りのルールとマナー完全/#index_id19,0,2320,0%,5.23
https://cho-hamanako.info/2024/11/釣りにめっちゃ役立つ！浜名湖全域の水深を知る/#index_id3,0,2301,0%,6.64
https://cho-hamanako.info/2024/08/舘山寺（内浦湾）～奥浜名湖の釣りポイント紹介/#index_id3,0,2237,0%,4.09
https://cho-hamanako.info/2024/10/浜名湖でスズキ（シーバス）釣りのおすすめポイ/#index_id1,0,2224,0%,5.99
https://cho-hamanako.info/2025/10/【初心者必見】浜名湖釣りのルールとマナー完全/#index_id5,0,2197,0%,5.18
https://cho-hamanako.info/2024/11/釣りにめっちゃ役立つ！浜名湖全域の水深を知る/#index_id2,0,2129,0%,6.86
https://cho-hamanako.info/2024/08/舘山寺（内浦湾）～奥浜名湖の釣りポイント紹介/#index_id4,0,2124,0%,4.07
https://cho-hamanako.info/2025/10/【初心者必見】浜名湖釣りのルールとマナー完全/#index_id25,0,2104,0%,5.25
https://cho-hamanako.info/2024/11/浜名湖でサビキ釣りを楽しもう！おすすめのシー/#index_id7,0,1986,0%,6.65
https://cho-hamanako.info/2024/11/浜名湖でサビキ釣りを楽しもう！おすすめのシー/#index_id5,0,1985,0%,6.66
https://cho-hamanako.info/2024/11/浜名湖でサビキ釣りを楽しもう！おすすめのシー/#index_id2,0,1983,0%,6.66
https://cho-hamanako.info/2024/08/村櫛漁港付近・ガーデンパーク～中浜名湖の釣り/#index_id5,0,1775,0%,2.99
https://cho-hamanako.info/2024/09/家族で安心！浜名湖で車横付け可能な釣り場と設/#index_id3,0,1742,0%,3.06
https://cho-hamanako.info/2024/11/浜名湖でサビキ釣りを楽しもう！おすすめのシー/#index_id8,0,1677,0%,6.85
https://cho-hamanako.info/2024/11/【完全ガイド】浜名湖でハゼ釣りを楽しむ！おす/#index_id5,0,1671,0%,8.2
https://cho-hamanako.info/2024/11/浜名湖でサビキ釣りを楽しもう！おすすめのシー/#index_id6,0,1666,0%,6.87
https://cho-hamanako.info/2024/11/浜名湖シロギス釣りのベストポイント5選！初心者/#index_id9,0,1522,0%,5.08
https://cho-hamanako.info/2024/12/浜名湖でカサゴを釣りたいならここ！おすすめの/#index_id0,0,1483,0%,3.29
https://cho-hamanako.info/2024/11/【完全ガイド】浜名湖でハゼ釣りを楽しむ！おす/#index_id10,0,1458,0%,7.46
https://cho-hamanako.info/2024/11/浜名湖でカワハギを釣る方法完全ガイド！釣れる/#index_id2,0,1418,0%,6.99
https://cho-hamanako.info/2024/11/浜名湖でカワハギを釣る方法完全ガイド！釣れる/#index_id7,0,1408,0%,7
https://cho-hamanako.info/2024/11/浜名湖周辺にある釣具店をエリア別やおすすめで/#index_id11,0,1377,0%,7.63
https://cho-hamanako.info/2024/12/浜名湖でカサゴを釣りたいならここ！おすすめの/#index_id5,0,1303,0%,3.31
https://cho-hamanako.info/2024/10/浜名湖でスズキ（シーバス）釣りのおすすめポイ/#index_id5,0,1299,0%,5.26
https://cho-hamanako.info/2024/11/浜名湖でカワハギを釣る方法完全ガイド！釣れる/#index_id5,0,1276,0%,7.13
https://cho-hamanako.info/2024/11/浜名湖でカワハギを釣る方法完全ガイド！釣れる/#index_id8,0,1276,0%,7.13
https://cho-hamanako.info/2024/11/浜名湖でカワハギを釣る方法完全ガイド！釣れる/#index_id6,0,1270,0%,7.13
https://cho-hamanako.info/2024/11/浜名湖でカワハギを釣る方法完全ガイド！釣れる/#index_id0,0,1267,0%,7.13
https://cho-hamanako.info/2024/11/浜名湖周辺にある釣具店をエリア別やおすすめで/#index_id3,0,1206,0%,6.59
https://cho-hamanako.info/2024/08/新居弁天海釣公園～表浜名湖の釣りポイント～/#index_id0,0,1199,0%,8.02
https://cho-hamanako.info/2024/08/新居弁天海釣公園～表浜名湖の釣りポイント～/#index_id1,0,1198,0%,8.01
https://cho-hamanako.info/2024/08/新居弁天海釣公園～表浜名湖の釣りポイント～/#index_id2,0,1195,0%,8.02
https://cho-hamanako.info/2024/11/1月の浜名湖で狙える！釣り人おすすめポイントと/#index_id5,0,1188,0%,5.18
https://cho-hamanako.info/2024/11/浜名湖でメバルを釣る方法～初心者から上級者ま/#index_id2,0,1169,0%,6.02
https://cho-hamanako.info/2025/10/冬の浜名湖釣りガイド｜初心者向けの釣り方とお/#index_id9,0,1168,0%,4.71
https://cho-hamanako.info/2024/08/舘山寺（内浦湾）～奥浜名湖の釣りポイント紹介/#index_id5,0,1154,0%,3.87
https://cho-hamanako.info/2024/11/浜名湖でタチウオを釣るならここ！おすすめ釣り/#index_id7,0,1124,0%,4.84
https://cho-hamanako.info/2024/11/浜名湖でタチウオを釣るならここ！おすすめ釣り/#index_id4,0,1123,0%,4.85
https://cho-hamanako.info/2024/10/12月の浜名湖でおすすめの釣りポイント/#index_id1,0,1116,0%,5.08
https://cho-hamanako.info/2024/11/1月の浜名湖で狙える！釣り人おすすめポイントと/#index_id8,0,1101,0%,5.18
https://cho-hamanako.info/2024/12/浜名湖でカサゴを釣りたいならここ！おすすめの/#index_id4,0,1095,0%,3.11
https://cho-hamanako.info/2025/10/冬の浜名湖釣りガイド｜初心者向けの釣り方とお/#index_id5,0,1079,0%,4.73
https://cho-hamanako.info/2024/11/1月の浜名湖で狙える！釣り人おすすめポイントと/#index_id3,0,1075,0%,5.21
https://cho-hamanako.info/2024/10/浜名湖でキビレを釣るおすすめのポイントと方法/#index_id8,0,1037,0%,6.2
https://cho-hamanako.info/2024/10/浜名湖でスズキ（シーバス）釣りのおすすめポイ/#index_id9,0,1028,0%,5.46
https://cho-hamanako.info/2024/11/浜名湖でメバルを釣る方法～初心者から上級者ま/#index_id6,0,1028,0%,6.11
https://cho-hamanako.info/2024/10/浜名湖でキビレを釣るおすすめのポイントと方法/#index_id7,0,1027,0%,6.15
https://cho-hamanako.info/2024/10/浜名湖でキビレを釣るおすすめのポイントと方法/#index_id10,0,1027,0%,6.16
https://cho-hamanako.info/2024/08/瀬戸水道～奥浜名湖の釣りポイント紹介～/#index_id0,0,1016,0%,4.93
https://cho-hamanako.info/2024/10/浜名湖でスズキ（シーバス）釣りのおすすめポイ/#index_id12,0,1014,0%,5.46
https://cho-hamanako.info/2024/08/瀬戸水道～奥浜名湖の釣りポイント紹介～/#index_id2,0,1012,0%,4.92
https://cho-hamanako.info/2024/08/瀬戸水道～奥浜名湖の釣りポイント紹介～/#index_id1,0,1011,0%,4.92
https://cho-hamanako.info/2024/10/12月の浜名湖でおすすめの釣りポイント/#index_id5,0,1007,0%,5.11
https://cho-hamanako.info/2024/11/1月の浜名湖で狙える！釣り人おすすめポイントと/#index_id1,0,991,0%,5.14
https://cho-hamanako.info/2024/11/浜名湖でメバルを釣る方法～初心者から上級者ま/#index_id1,0,971,0%,6.09
https://cho-hamanako.info/2024/08/新居弁天海釣公園～表浜名湖の釣りポイント～/#index_id3,0,971,0%,8.25
https://cho-hamanako.info/2024/08/新居弁天海釣公園～表浜名湖の釣りポイント～/#index_id4,0,970,0%,8.24
https://cho-hamanako.info/2024/10/浜名湖でスズキ（シーバス）釣りのおすすめポイ/#index_id6,0,968,0%,6.98
https://cho-hamanako.info/2024/11/1月の浜名湖で狙える！釣り人おすすめポイントと/#index_id4,0,960,0%,5.28
https://cho-hamanako.info/2024/11/浜名湖でサヨリを釣る方法！おすすめのシーズン/#index_id7,0,920,0%,3.04
https://cho-hamanako.info/2024/11/浜名湖でメバルを釣る方法～初心者から上級者ま/#index_id9,0,896,0%,6.32
https://cho-hamanako.info/2024/08/舘山寺（内浦湾）～奥浜名湖の釣りポイント紹介/#index_id6,0,895,0%,3.85
https://cho-hamanako.info/2024/11/浜名湖でサヨリを釣る方法！おすすめのシーズン/#index_id5,0,868,0%,3.11
https://cho-hamanako.info/2024/08/瀬戸水道～奥浜名湖の釣りポイント紹介～/#index_id4,0,865,0%,4.97
https://cho-hamanako.info/2024/08/瀬戸水道～奥浜名湖の釣りポイント紹介～/#index_id3,0,859,0%,4.94
https://cho-hamanako.info/2024/12/浜名湖でカサゴを釣りたいならここ！おすすめの/#index_id7,0,852,0%,3.34
https://cho-hamanako.info/2024/11/1月の浜名湖で狙える！釣り人おすすめポイントと/#index_id7,0,848,0%,5.12
https://cho-hamanako.info/2024/11/浜名湖でメバルを釣る方法～初心者から上級者ま/#index_id10,0,847,0%,6.29
https://cho-hamanako.info/2025/02/7月の浜名湖でおすすめの釣りポイント7選/#index_id11,0,842,0%,6.27
https://cho-hamanako.info/2025/02/7月の浜名湖でおすすめの釣りポイント7選/#index_id16,0,840,0%,6.17
https://cho-hamanako.info/2024/11/浜名湖でメバルを釣る方法～初心者から上級者ま/#index_id4,0,839,0%,6.27
https://cho-hamanako.info/2024/11/浜名湖周辺にある釣具店をエリア別やおすすめで/#index_id6,0,834,0%,7.74
https://cho-hamanako.info/2024/10/浜名湖でキビレを釣るおすすめのポイントと方法/#index_id6,0,831,0%,5.36
https://cho-hamanako.info/2024/10/浜名湖でスズキ（シーバス）釣りのおすすめポイ/#index_id10,0,826,0%,7.13
https://cho-hamanako.info/2024/11/浜名湖でサヨリを釣る方法！おすすめのシーズン/#index_id3,0,807,0%,3.15
https://cho-hamanako.info/2024/10/浜名湖でスズキ（シーバス）釣りのおすすめポイ/#index_id13,0,805,0%,7.13
https://cho-hamanako.info/2024/10/浜名湖でキビレを釣るおすすめのポイントと方法/#index_id5,0,791,0%,5.03
https://cho-hamanako.info/2024/12/tactics-fish-kasago/#index_id6,0,790,0%,5.01
https://cho-hamanako.info/2024/12/浜名湖でカサゴを釣りたいならここ！おすすめの/#index_id6,0,789,0%,3.04
https://cho-hamanako.info/2024/10/12月の浜名湖でおすすめの釣りポイント/#index_id10,0,787,0%,4.36
https://cho-hamanako.info/2024/12/tactics-fish-kasago/#index_id2,0,786,0%,5.01
https://cho-hamanako.info/2024/11/湖南高校周辺～中浜名湖のポイント紹介～/#index_id2,0,777,0%,8.78
https://cho-hamanako.info/2024/11/湖南高校周辺～中浜名湖のポイント紹介～/#index_id1,0,776,0%,8.78
https://cho-hamanako.info/2024/12/浜名湖でカサゴを釣りたいならここ！おすすめの/#index_id8,0,775,0%,3.45
https://cho-hamanako.info/2024/10/12月の浜名湖でおすすめの釣りポイント/#index_id4,0,762,0%,4.7
https://cho-hamanako.info/2025/02/7月の浜名湖でおすすめの釣りポイント7選/#index_id20,0,756,0%,6.15
https://cho-hamanako.info/2024/08/庄内湖～奥浜名湖の釣りポイント紹介～/#index_id2,0,747,0%,5.97
https://cho-hamanako.info/2024/08/庄内湖～奥浜名湖の釣りポイント紹介～/#index_id0,0,746,0%,5.97
https://cho-hamanako.info/2024/08/庄内湖～奥浜名湖の釣りポイント紹介～/#index_id1,0,744,0%,5.97
https://cho-hamanako.info/2024/10/12月の浜名湖でおすすめの釣りポイント/#index_id2,0,740,0%,5.64
https://cho-hamanako.info/2024/12/tactics-fish-kasago/#index_id11,0,689,0%,5.02
https://cho-hamanako.info/2024/11/湖南高校周辺～中浜名湖のポイント紹介～/#index_id4,0,684,0%,8.8
https://cho-hamanako.info/2024/10/11月の浜名湖でおすすめの釣りポイント5選/#index_id3,0,680,0%,2.94
https://cho-hamanako.info/2024/12/浜名湖でカサゴを釣りたいならここ！おすすめの/#index_id1,0,677,0%,3.67
https://cho-hamanako.info/2024/12/釣りに行く直前、浜名湖の状況をライブカメラや/#index_id4,0,674,0%,4.34
https://cho-hamanako.info/2024/11/湖南高校周辺～中浜名湖のポイント紹介～/#index_id3,0,664,0%,8.77
https://cho-hamanako.info/2024/10/12月の浜名湖でおすすめの釣りポイント/#index_id7,0,652,0%,4.91
https://cho-hamanako.info/2024/12/釣りに行く直前、浜名湖の状況をライブカメラや/#index_id1,0,639,0%,4.36
https://cho-hamanako.info/2024/08/庄内湖～奥浜名湖の釣りポイント紹介～/#index_id4,0,616,0%,6.2
https://cho-hamanako.info/2024/10/11月の浜名湖でおすすめの釣りポイント5選/#index_id6,0,615,0%,3.24
https://cho-hamanako.info/2024/10/11月の浜名湖でおすすめの釣りポイント5選/#index_id4,0,612,0%,3.13
https://cho-hamanako.info/2024/12/釣りに行く直前、浜名湖の状況をライブカメラや/#index_id2,0,607,0%,4.35
https://cho-hamanako.info/2024/12/釣りに行く直前、浜名湖の状況をライブカメラや/#index_id3,0,607,0%,4.35
https://cho-hamanako.info/2024/12/釣りに行く直前、浜名湖の状況をライブカメラや/#index_id5,0,607,0%,4.35
https://cho-hamanako.info/2024/12/釣りに行く直前、浜名湖の状況をライブカメラや/#index_id6,0,607,0%,4.35
https://cho-hamanako.info/2024/10/11月の浜名湖でおすすめの釣りポイント5選/#index_id7,0,593,0%,3.19
https://cho-hamanako.info/2024/08/乙女園・サクラマル（弁天島）～表浜名湖の釣り/#index_id0,0,592,0%,6.7
https://cho-hamanako.info/2024/08/乙女園・サクラマル（弁天島）～表浜名湖の釣り/#index_id2,0,589,0%,6.72
https://cho-hamanako.info/2024/08/乙女園・サクラマル（弁天島）～表浜名湖の釣り/#index_id1,0,574,0%,6.67
https://cho-hamanako.info/2025/02/7月の浜名湖でおすすめの釣りポイント7選/#index_id24,0,555,0%,7.11
https://cho-hamanako.info/2024/08/佐久米海岸～奥浜名湖の釣りポイント紹介～/#index_id1,0,554,0%,5.76
https://cho-hamanako.info/2025/04/浜名湖でメジナを釣る方法のまとめ！初心者にも/#index_id4,0,544,0%,3.98
https://cho-hamanako.info/2024/11/浜名湖でおすすめのウェーディングポイント10選と/#index_id0,0,543,0%,2.74
https://cho-hamanako.info/2024/08/女河浦海水浴場～中浜名湖の釣りポイント紹介～/#index_id2,0,533,0%,6.61
https://cho-hamanako.info/2024/11/浜名湖でおすすめのウェーディングポイント10選と/#index_id1,0,520,0%,2.67
https://cho-hamanako.info/2024/08/乙女園・サクラマル（弁天島）～表浜名湖の釣り/#index_id4,0,516,0%,6.91
https://cho-hamanako.info/2024/08/乙女園・サクラマル（弁天島）～表浜名湖の釣り/#index_id3,0,516,0%,6.95
https://cho-hamanako.info/2024/08/松見ヶ浦～中浜名湖の釣りポイント紹介～/#index_id0,0,510,0%,4.7
https://cho-hamanako.info/2024/08/松見ヶ浦～中浜名湖の釣りポイント紹介～/#index_id2,0,510,0%,4.7
https://cho-hamanako.info/2024/08/松見ヶ浦～中浜名湖の釣りポイント紹介～/#index_id1,0,509,0%,4.69
https://cho-hamanako.info/2024/11/浜名湖でおすすめのウェーディングポイント10選と/#index_id2,0,503,0%,2.43
https://cho-hamanako.info/2025/04/浜名湖でメジナを釣る方法のまとめ！初心者にも/#index_id6,0,493,0%,4.01
https://cho-hamanako.info/2024/08/佐久米海岸～奥浜名湖の釣りポイント紹介～/#index_id3,0,478,0%,5.75
https://cho-hamanako.info/2024/08/佐久米海岸～奥浜名湖の釣りポイント紹介～/#index_id4,0,477,0%,5.75
https://cho-hamanako.info/2024/08/はまゆう大橋～中浜名湖の釣りポイント紹介～/#index_id0,0,468,0%,5.45
https://cho-hamanako.info/2024/08/はまゆう大橋～中浜名湖の釣りポイント紹介～/#index_id2,0,468,0%,5.45
https://cho-hamanako.info/2024/08/はまゆう大橋～中浜名湖の釣りポイント紹介～/#index_id1,0,466,0%,5.44
https://cho-hamanako.info/2024/10/12月の浜名湖でおすすめの釣りポイント/#index_id8,0,461,0%,5.57
https://cho-hamanako.info/2024/10/12月の浜名湖でおすすめの釣りポイント/#index_id3,0,454,0%,6.86
https://cho-hamanako.info/2024/11/浜名湖周辺にある釣具店をエリア別やおすすめで/#index_id9,0,450,0%,8.35
https://cho-hamanako.info/2024/11/浜名湖でおすすめのウェーディングポイント10選と/#index_id8,0,445,0%,2.9
https://cho-hamanako.info/2024/11/浜名湖でおすすめのウェーディングポイント10選と/#index_id6,0,428,0%,2.58
https://cho-hamanako.info/2024/11/浜名湖でおすすめのウェーディングポイント10選と/#index_id4,0,422,0%,2.48
https://cho-hamanako.info/2024/08/女河浦海水浴場～中浜名湖の釣りポイント紹介～/#index_id3,0,415,0%,6.54
https://cho-hamanako.info/2024/08/女河浦海水浴場～中浜名湖の釣りポイント紹介～/#index_id4,0,413,0%,6.53
https://cho-hamanako.info/2024/08/女河浦海水浴場～中浜名湖の釣りポイント紹介～/#index_id5,0,413,0%,6.53
https://cho-hamanako.info/2024/08/松見ヶ浦～中浜名湖の釣りポイント紹介～/#index_id3,0,404,0%,4.66
https://cho-hamanako.info/2024/08/松見ヶ浦～中浜名湖の釣りポイント紹介～/#index_id4,0,404,0%,4.66
https://cho-hamanako.info/2024/11/【完全ガイド】浜名湖でハゼ釣りを楽しむ！おす/#index_id11,0,392,0%,8.84
https://cho-hamanako.info/2024/11/浜名湖周辺にある釣具店をエリア別やおすすめで/#index_id10,0,387,0%,7.9
https://cho-hamanako.info/2024/12/2月の浜名湖でおすすめの釣りポイント6選/#index_id0,0,384,0%,2.84
https://cho-hamanako.info/2024/08/はまゆう大橋～中浜名湖の釣りポイント紹介～/#index_id3,0,383,0%,5.63
https://cho-hamanako.info/2024/08/はまゆう大橋～中浜名湖の釣りポイント紹介～/#index_id4,0,383,0%,5.63
https://cho-hamanako.info/2024/08/舘山寺（内浦湾）～奥浜名湖の釣りポイント紹介/#index_id7,0,372,0%,3.78
https://cho-hamanako.info/2024/12/2月の浜名湖でおすすめの釣りポイント6選/#index_id6,0,371,0%,2.82
https://cho-hamanako.info/2026/01/hamanako-bachinuke-seabuss/#index_id6,0,359,0%,2.74
https://cho-hamanako.info/2024/10/11月の浜名湖でおすすめの釣りポイント5選/#index_id9,0,357,0%,2.57
https://cho-hamanako.info/2026/01/hamanako-bachinuke-seabuss/#index_id9,0,351,0%,2.72
https://cho-hamanako.info/2024/11/浜名湖シロギス釣りのベストポイント5選！初心者/#index_id7,0,348,0%,6.46
https://cho-hamanako.info/2024/08/鷲津湾周辺～中浜名湖の釣りポイント紹介～/#index_id0,0,346,0%,4.95
https://cho-hamanako.info/2024/08/鷲津湾周辺～中浜名湖の釣りポイント紹介～/#index_id1,0,346,0%,4.95
https://cho-hamanako.info/2024/08/鷲津湾周辺～中浜名湖の釣りポイント紹介～/#index_id2,0,342,0%,4.95
https://cho-hamanako.info/2024/12/2月の浜名湖でおすすめの釣りポイント6選/#index_id9,0,314,0%,2.76
https://cho-hamanako.info/2024/12/2月の浜名湖でおすすめの釣りポイント6選/#index_id11,0,313,0%,2.73
https://cho-hamanako.info/2024/11/【完全ガイド】浜名湖でハゼ釣りを楽しむ！おす/#index_id3,0,309,0%,7.38
https://cho-hamanako.info/2025/02/7月の浜名湖でおすすめの釣りポイント7選/#index_id29,0,301,0%,4.3
https://cho-hamanako.info/2025/01/浜名湖の水温をチェックできる有能なウェブサイ/#index_id4,0,294,0%,8.16
https://cho-hamanako.info/2024/12/2月の浜名湖でおすすめの釣りポイント6選/#index_id1,0,293,0%,2.66
https://cho-hamanako.info/2025/09/9月の浜名湖カレイ釣り開幕！投げ釣りで狙う秋の/#index_id0,0,291,0%,8.1
https://cho-hamanako.info/2025/09/9月の浜名湖カレイ釣り開幕！投げ釣りで狙う秋の/#index_id7,0,291,0%,8.1
https://cho-hamanako.info/2024/08/鷲津湾周辺～中浜名湖の釣りポイント紹介～/#index_id3,0,290,0%,5.19
https://cho-hamanako.info/2024/11/浜名湖でおすすめのウェーディングポイント10選と/#index_id5,0,287,0%,1.82
https://cho-hamanako.info/2024/11/浜名湖でメバルを釣る方法～初心者から上級者ま/#index_id5,0,287,0%,5.33
https://cho-hamanako.info/2024/10/12月の浜名湖でおすすめの釣りポイント/#index_id9,0,285,0%,3.33
https://cho-hamanako.info/2024/09/10月の浜名湖でおすすめの釣りポイント8選/#index_id4,0,283,0%,4.22
https://cho-hamanako.info/2024/09/10月の浜名湖でおすすめの釣りポイント8選/#index_id1,0,280,0%,4.32
https://cho-hamanako.info/2025/09/9月の浜名湖カレイ釣り開幕！投げ釣りで狙う秋の/#index_id11,0,278,0%,8.24
https://cho-hamanako.info/2024/08/佐久米海岸～奥浜名湖の釣りポイント紹介～/#index_id5,0,274,0%,5.7
https://cho-hamanako.info/2024/09/10月の浜名湖でおすすめの釣りポイント8選/#index_id0,0,272,0%,3.87
https://cho-hamanako.info/2025/01/浜名湖の水温をチェックできる有能なウェブサイ/#index_id3,0,262,0%,8.05
https://cho-hamanako.info/2024/09/10月の浜名湖でおすすめの釣りポイント8選/#index_id9,0,260,0%,4.24
https://cho-hamanako.info/2024/10/浜名湖でキビレを釣るおすすめのポイントと方法/#index_id9,0,260,0%,9.77
https://cho-hamanako.info/2024/12/2月の浜名湖でおすすめの釣りポイント6選/#index_id4,0,259,0%,2.9
https://cho-hamanako.info/2024/11/1月の浜名湖で狙える！釣り人おすすめポイントと/#index_id6,0,259,0%,5.67
https://cho-hamanako.info/2025/09/9月の浜名湖カレイ釣り開幕！投げ釣りで狙う秋の/#index_id15,0,254,0%,8.06
https://cho-hamanako.info/2024/12/2月の浜名湖でおすすめの釣りポイント6選/#index_id3,0,248,0%,2.72
https://cho-hamanako.info/2024/11/浜名湖パークビレッジ付近～表浜名湖の釣りポイ/#index_id2,0,246,0%,1.79
https://cho-hamanako.info/2025/01/浜名湖の水温をチェックできる有能なウェブサイ/#index_id1,0,246,0%,8.42
https://cho-hamanako.info/2024/11/浜名湖パークビレッジ付近～表浜名湖の釣りポイ/#index_id0,0,242,0%,1.8
https://cho-hamanako.info/2024/08/ボートレース浜名湖（浜名湖競艇場）～表浜名湖/#index_id0,0,242,0%,5.2
https://cho-hamanako.info/2024/08/ボートレース浜名湖（浜名湖競艇場）～表浜名湖/#index_id1,0,242,0%,5.2
https://cho-hamanako.info/2025/11/hirame-hama-11/#index_id0,0,242,0%,8.37
https://cho-hamanako.info/2024/08/ボートレース浜名湖（浜名湖競艇場）～表浜名湖/#index_id5,0,237,0%,5.22
https://cho-hamanako.info/2024/09/10月の浜名湖でおすすめの釣りポイント8選/#index_id5,0,235,0%,4.38
https://cho-hamanako.info/2025/11/hirame-hama-11/#index_id1,0,218,0%,8.44
https://cho-hamanako.info/2025/11/hirame-hama-11/#index_id3,0,217,0%,8.52
https://cho-hamanako.info/2025/11/hirame-hama-11/#index_id7,0,216,0%,8.38
https://cho-hamanako.info/2025/01/浜名湖の水温をチェックできる有能なウェブサイ/#index_id2,0,214,0%,8.33
https://cho-hamanako.info/2024/09/10月の浜名湖でおすすめの釣りポイント8選/#index_id3,0,208,0%,4.37
https://cho-hamanako.info/2025/11/hirame-hama-11/#index_id5,0,207,0%,8.47
https://cho-hamanako.info/2025/11/hirame-hama-11/#index_id4,0,207,0%,8.48
https://cho-hamanako.info/2025/01/3月の浜名湖でおすすめの釣りポイント9選/#index_id0,0,206,0%,4.34
https://cho-hamanako.info/2024/08/伊目～奥浜名湖の釣りポイント紹介～/#index_id0,0,206,0%,7.51
https://cho-hamanako.info/2024/08/伊目～奥浜名湖の釣りポイント紹介～/#index_id2,0,206,0%,7.51
https://cho-hamanako.info/2025/11/hirame-hama-11/#index_id6,0,206,0%,8.5
https://cho-hamanako.info/2024/11/浜名湖パークビレッジ付近～表浜名湖の釣りポイ/#index_id1,0,204,0%,1.74
https://cho-hamanako.info/2024/11/浜名湖パークビレッジ付近～表浜名湖の釣りポイ/#index_id3,0,204,0%,1.74
https://cho-hamanako.info/2024/08/気賀・寸座～奥浜名湖の釣りポイント紹介～/#index_id0,0,203,0%,6.43
https://cho-hamanako.info/2024/08/ボートレース浜名湖（浜名湖競艇場）～表浜名湖/#index_id2,0,201,0%,5.1
https://cho-hamanako.info/2024/08/気賀・寸座～奥浜名湖の釣りポイント紹介～/#index_id3,0,201,0%,6.46
https://cho-hamanako.info/2024/09/10月の浜名湖でおすすめの釣りポイント8選/#index_id2,0,198,0%,4.31
https://cho-hamanako.info/2024/08/ボートレース浜名湖（浜名湖競艇場）～表浜名湖/#index_id3,0,197,0%,5.12
https://cho-hamanako.info/2024/08/ボートレース浜名湖（浜名湖競艇場）～表浜名湖/#index_id4,0,197,0%,5.12
https://cho-hamanako.info/2024/08/気賀・寸座～奥浜名湖の釣りポイント紹介～/#index_id2,0,194,0%,6.49
https://cho-hamanako.info/2024/08/伊目～奥浜名湖の釣りポイント紹介～/#index_id1,0,194,0%,7.45
https://cho-hamanako.info/2025/02/7月の浜名湖でおすすめの釣りポイント7選/#index_id9,0,192,0%,9.02
https://cho-hamanako.info/2024/08/気賀・寸座～奥浜名湖の釣りポイント紹介～/#index_id1,0,189,0%,6.49
https://cho-hamanako.info/2024/11/浜名湖パークビレッジ付近～表浜名湖の釣りポイ/#index_id5,0,187,0%,1.68
https://cho-hamanako.info/2024/08/伊目～奥浜名湖の釣りポイント紹介～/#index_id3,0,187,0%,7.81
https://cho-hamanako.info/2025/10/【秋の浜名湖】初心者におすすめハゼ・アジ釣り/#index_id1,0,186,0%,5.53
https://cho-hamanako.info/2024/11/浜名湖パークビレッジ付近～表浜名湖の釣りポイ/#index_id6,0,184,0%,1.7
https://cho-hamanako.info/2025/10/【秋の浜名湖】初心者におすすめハゼ・アジ釣り/#index_id0,0,184,0%,5.54
https://cho-hamanako.info/2024/10/11月の浜名湖でおすすめの釣りポイント5選/#index_id5,0,183,0%,4.55
https://cho-hamanako.info/2024/08/気賀・寸座～奥浜名湖の釣りポイント紹介～/#index_id4,0,179,0%,6.56
https://cho-hamanako.info/2024/08/気賀・寸座～奥浜名湖の釣りポイント紹介～/#index_id5,0,179,0%,6.56
https://cho-hamanako.info/2025/02/7月の浜名湖でおすすめの釣りポイント7選/#index_id5,0,179,0%,9.16
https://cho-hamanako.info/2024/08/伊目～奥浜名湖の釣りポイント紹介～/#index_id4,0,175,0%,7.76
https://cho-hamanako.info/2025/10/【秋の浜名湖】初心者におすすめハゼ・アジ釣り/#index_id6,0,171,0%,5.56
https://cho-hamanako.info/2025/02/7月の浜名湖でおすすめの釣りポイント7選/#index_id8,0,169,0%,8.99
https://cho-hamanako.info/2025/12/seabass-winter-pointtactics/#index_id4,0,167,0%,4.98
https://cho-hamanako.info/2025/10/【秋の浜名湖】初心者におすすめハゼ・アジ釣り/#index_id11,0,166,0%,5.5
https://cho-hamanako.info/2025/02/7月の浜名湖でおすすめの釣りポイント7選/#index_id1,0,166,0%,8.9
https://cho-hamanako.info/2024/11/浜名湖パークビレッジ付近～表浜名湖の釣りポイ/#index_id7,0,162,0%,1.41
https://cho-hamanako.info/2025/01/3月の浜名湖でおすすめの釣りポイント9選/#index_id3,0,161,0%,4.57
https://cho-hamanako.info/2024/11/浜名湖でメバルを釣る方法～初心者から上級者ま/#index_id3,0,161,0%,4.81
https://cho-hamanako.info/2025/12/seabass-winter-pointtactics/#index_id10,0,160,0%,4.84
https://cho-hamanako.info/2025/12/seabass-winter-pointtactics/#index_id5,0,158,0%,4.89
https://cho-hamanako.info/2024/11/浜名湖周辺にある釣具店をエリア別やおすすめで/#index_id14,0,158,0%,7.81
https://cho-hamanako.info/2025/02/7月の浜名湖でおすすめの釣りポイント7選/#index_id2,0,157,0%,9.09
https://cho-hamanako.info/2025/02/7月の浜名湖でおすすめの釣りポイント7選/#index_id10,0,147,0%,9.26
https://cho-hamanako.info/2025/01/3月の浜名湖でおすすめの釣りポイント9選/#index_id4,0,143,0%,4.73
https://cho-hamanako.info/2024/11/omote-hamanako-konankoukou/#index_id3,0,138,0%,7.02
https://cho-hamanako.info/2024/11/浜名湖周辺にある釣具店をエリア別やおすすめで/#index_id13,0,135,0%,7.81
https://cho-hamanako.info/2025/01/3月の浜名湖でおすすめの釣りポイント9選/#index_id5,0,133,0%,4.86
https://cho-hamanako.info/2025/01/3月の浜名湖でおすすめの釣りポイント9選/#index_id9,0,129,0%,4.85
https://cho-hamanako.info/2025/12/hamana-winter-tinu-tactics/#index_id5,0,128,0%,5.13
https://cho-hamanako.info/2025/11/hamanako-egging-technic-timepoint/#index_id21,0,127,0%,6.59
https://cho-hamanako.info/2024/10/浜名湖でキビレを釣るおすすめのポイントと方法/#index_id3,0,124,0%,9.98
https://cho-hamanako.info/2025/11/hamanako-aorisq-bignner-guide/#index_id4,0,123,0%,8.59
https://cho-hamanako.info/2025/11/hamanako-aorisq-bignner-guide/#index_id8,0,123,0%,8.59
https://cho-hamanako.info/2025/12/hamana-winter-tinu-tactics/#index_id0,0,122,0%,5.19
https://cho-hamanako.info/2025/11/hamanako-egging-technic-timepoint/#index_id18,0,119,0%,6.61
https://cho-hamanako.info/2024/09/10月の浜名湖でおすすめの釣りポイント8選/#index_id11,0,118,0%,5.26
https://cho-hamanako.info/2025/11/hamanako-egging-technic-timepoint/#index_id6,0,118,0%,6.38
https://cho-hamanako.info/2024/11/omote-hamanako-konankoukou/#index_id2,0,116,0%,7.09
https://cho-hamanako.info/2024/11/omote-hamanako-konankoukou/#index_id0,0,116,0%,7.24
https://cho-hamanako.info/2024/11/浜名湖でおすすめのウェーディングポイント10選と/#index_id3,0,113,0%,2.55
https://cho-hamanako.info/2025/01/3月の浜名湖でおすすめの釣りポイント9選/#index_id8,0,113,0%,4.8
https://cho-hamanako.info/2025/11/hamanako-egging-technic-timepoint/#index_id3,0,113,0%,6.5
https://cho-hamanako.info/2025/12/hamana-winter-tinu-tactics/#index_id4,0,107,0%,5.13
https://cho-hamanako.info/2024/11/omote-hamanako-konankoukou/#index_id1,0,107,0%,7.14
https://cho-hamanako.info/2024/10/浜名湖でキビレを釣るおすすめのポイントと方法/#index_id2,0,107,0%,8.34
https://cho-hamanako.info/2025/11/hamanako-aorisq-bignner-guide/#index_id0,0,105,0%,8.64
https://cho-hamanako.info/2025/11/hamanako-aorisq-bignner-guide/#index_id25,0,105,0%,8.64
https://cho-hamanako.info/2025/01/3月の浜名湖でおすすめの釣りポイント9選/#index_id1,0,104,0%,4.5
https://cho-hamanako.info/2025/11/hamanako-aorisq-bignner-guide/#index_id13,0,104,0%,8.62
https://cho-hamanako.info/2025/11/hamanako-aorisq-bignner-guide/#index_id17,0,104,0%,8.62
https://cho-hamanako.info/2025/11/hamanako-aorisq-bignner-guide/#index_id21,0,104,0%,8.62
https://cho-hamanako.info/2024/11/1月の浜名湖で狙える！釣り人おすすめポイントと/#index_id2,0,103,0%,7.1
https://cho-hamanako.info/2025/11/hamanako-egging-technic-timepoint/#index_id15,0,102,0%,6.37
https://cho-hamanako.info/2026/02/bachinuke-forecast/#index_id6,0,101,0%,3.61
https://cho-hamanako.info/2025/12/hamana-winter-tinu-tactics/#index_id12,0,101,0%,5.2
https://cho-hamanako.info/2025/12/hamana-winter-tinu-tactics/#index_id9,0,101,0%,5.2
https://cho-hamanako.info/2024/10/11月の浜名湖でおすすめの釣りポイント5選/#index_id2,0,99,0%,3.67
https://cho-hamanako.info/2024/11/omote-hamanako-konankoukou/#index_id5,0,99,0%,7.05
https://cho-hamanako.info/2024/12/2月の浜名湖でおすすめの釣りポイント6選/#index_id10,0,95,0%,2.96
https://cho-hamanako.info/2024/11/1月の浜名湖で狙える！釣り人おすすめポイントと/#index_id9,0,93,0%,5.57
https://cho-hamanako.info/2024/11/浜名湖でおすすめのウェーディングポイント10選と/#index_id9,0,92,0%,3.23
https://cho-hamanako.info/2024/12/2月の浜名湖でおすすめの釣りポイント6選/#index_id2,0,91,0%,3.01
https://cho-hamanako.info/blog/target/aji-saba-sappa/sabiki-guide/,0,89,0%,11.11
https://cho-hamanako.info/2024/11/omote-hamanako-konankoukou/#index_id4,0,87,0%,7.15
https://cho-hamanako.info/2026/02/bachinuke-forecast/#index_id3,0,86,0%,3.83
https://cho-hamanako.info/2024/09/今何が釣れる？浜名湖釣魚カレンダーを公開/#index_id0,0,81,0%,5.42
https://cho-hamanako.info/2025/11/hamanako-egging-technic-timepoint/#index_id12,0,81,0%,6.78
https://cho-hamanako.info/2024/09/今何が釣れる？浜名湖釣魚カレンダーを公開/#index_id2,0,80,0%,5.35
https://cho-hamanako.info/2024/09/10月の浜名湖でおすすめの釣りポイント8選/#index_id12,0,72,0%,4.51
https://cho-hamanako.info/blog/yearly-fishing-calendar,0,71,0%,8.1
https://cho-hamanako.info/2024/08/浜名湖の干潟サイトフィッシング～中浜名湖の釣/#index_id1,0,67,0%,5.34
https://cho-hamanako.info/2024/08/浜名湖の干潟サイトフィッシング～中浜名湖の釣/#index_id0,0,65,0%,5.22
https://cho-hamanako.info/2024/11/1月の浜名湖で狙える！釣り人おすすめポイントと/#index_id10,0,63,0%,3.43
https://cho-hamanako.info/2024/11/浜名湖でおすすめのウェーディングポイント10選と/#index_id7,0,63,0%,5.67
https://cho-hamanako.info/category/釣り方/,0,63,0%,30.16
https://cho-hamanako.info/2024/09/今何が釣れる？浜名湖釣魚カレンダーを公開/#index_id1,0,62,0%,5.9
https://cho-hamanako.info/2024/09/10月の浜名湖でおすすめの釣りポイント8選/#index_id6,0,60,0%,4.13
https://cho-hamanako.info/2025/01/3月の浜名湖でおすすめの釣りポイント9選/#index_id7,0,56,0%,4.32
https://cho-hamanako.info/2024/08/浜名湖の干潟サイトフィッシング～中浜名湖の釣/#index_id2,0,55,0%,5.6
https://cho-hamanako.info/2024/08/浜名湖の干潟サイトフィッシング～中浜名湖の釣/#index_id4,0,54,0%,5.54
https://cho-hamanako.info/2024/08/浜名湖の干潟サイトフィッシング～中浜名湖の釣/#index_id5,0,54,0%,5.54
https://cho-hamanako.info/2024/08/浜名湖の干潟サイトフィッシング～中浜名湖の釣/#index_id3,0,54,0%,5.65
https://cho-hamanako.info/2025/11/araibenten-11-5select/#index_id0,0,53,0%,9.26
https://cho-hamanako.info/map/?area=%E4%B8%AD%E6%B5%9C%E5%90%8D%E6%B9%96,0,49,0%,16.57
https://cho-hamanako.info/2024/12/浜名湖でカサゴを釣りたいならここ！おすすめの/#index_id9,0,46,0%,3.65
https://cho-hamanako.info/2025/01/3月の浜名湖でおすすめの釣りポイント9選/#index_id6,0,46,0%,5.87
https://cho-hamanako.info/2025/12/hamana-kasago-bignner-winter/#index_id14,0,46,0%,7.54
https://cho-hamanako.info/2025/12/hamana-kasago-bignner-winter/#index_id9,0,46,0%,7.54
https://cho-hamanako.info/2025/11/hamanako-egging-technic-timepoint/#index_id9,0,44,0%,6.5
https://cho-hamanako.info/2025/12/hamana-kasago-bignner-winter/#index_id0,0,44,0%,7.59
https://cho-hamanako.info/2025/12/hamana-kasago-bignner-winter/#index_id3,0,44,0%,7.59
https://cho-hamanako.info/2025/12/hamana-kasago-bignner-winter/#index_id4,0,44,0%,7.59
https://cho-hamanako.info/2024/11/浜名湖パークビレッジ付近～表浜名湖の釣りポイ/#index_id4,0,43,0%,3
https://cho-hamanako.info/2024/12/2月の浜名湖でおすすめの釣りポイント6選/#index_id5,0,43,0%,3.79
https://cho-hamanako.info/2024/11/1月の浜名湖で狙える！釣り人おすすめポイントと/#index_id11,0,42,0%,6.83
https://cho-hamanako.info/2025/11/araibenten-11-5select/#index_id3,0,40,0%,9.32
https://cho-hamanako.info/2025/01/3月の浜名湖でおすすめの釣りポイント9選/#index_id10,0,39,0%,4.38
https://cho-hamanako.info/2024/11/浜名湖でメバルを釣る方法～初心者から上級者ま/#index_id8,0,39,0%,4.97
https://cho-hamanako.info/2025/11/araibenten-11-5select/#index_id6,0,38,0%,9.68
https://cho-hamanako.info/2024/11/浜名湖の魚を全て釣るには？エサ釣りとルアー釣/#index_id0,0,37,0%,7.32
https://cho-hamanako.info/2025/11/araibenten-11-5select/#index_id4,0,37,0%,9.57
https://cho-hamanako.info/tag/ヒラメ/,0,37,0%,19.38
https://cho-hamanako.info/2024/11/浜名湖の魚を全て釣るには？エサ釣りとルアー釣/#index_id1,0,36,0%,7.47
https://cho-hamanako.info/blog/12-month,0,36,0%,24.94
https://cho-hamanako.info/2024/12/2月の浜名湖でおすすめの釣りポイント6選/#index_id8,0,35,0%,4.63
https://cho-hamanako.info/2025/01/3月の浜名湖でおすすめの釣りポイント9選/#index_id27,0,34,0%,4.09
https://cho-hamanako.info/2025/12/araibenten-12m-winter-fishguide/#index_id4,0,34,0%,4.41
https://cho-hamanako.info/2024/08/浜名湖の干潟サイトフィッシング～中浜名湖の釣/#index_id6,0,34,0%,5.82
https://cho-hamanako.info/blog/flatfish-cooking/,0,34,0%,25.85
https://cho-hamanako.info/2025/01/3月の浜名湖でおすすめの釣りポイント9選/#index_id18,0,33,0%,4.09
https://cho-hamanako.info/2025/01/3月の浜名湖でおすすめの釣りポイント9選/#index_id15,0,32,0%,4.12
https://cho-hamanako.info/2025/12/araibenten-12m-winter-fishguide/#index_id0,0,32,0%,4.44
https://cho-hamanako.info/2024/11/浜名湖の魚を全て釣るには？エサ釣りとルアー釣/#index_id3,0,32,0%,7.38
https://cho-hamanako.info/2024/10/11月の浜名湖でおすすめの釣りポイント5選/#index_id8,0,32,0%,7.44
https://cho-hamanako.info/2026/02/sunaageba-guide-feb/,0,32,0%,8.09
https://cho-hamanako.info/blog/guide/,0,32,0%,13.91
https://cho-hamanako.info/2025/12/araibenten-12m-winter-fishguide/#index_id11,0,31,0%,4.35
https://cho-hamanako.info/2024/11/浜名湖の魚を全て釣るには？エサ釣りとルアー釣/#index_id2,0,31,0%,7.55
https://cho-hamanako.info/2024/11/浜名湖の魚を全て釣るには？エサ釣りとルアー釣/#index_id4,0,31,0%,7.55
https://cho-hamanako.info/2024/11/浜名湖の魚を全て釣るには？エサ釣りとルアー釣/#index_id5,0,31,0%,7.55
https://cho-hamanako.info/2024/11/浜名湖の魚を全て釣るには？エサ釣りとルアー釣/#index_id6,0,31,0%,7.55
https://cho-hamanako.info/2025/11/araibenten-11-5select/#index_id5,0,31,0%,9.74
https://cho-hamanako.info/2025/11/araibenten-11-5select/#index_id7,0,31,0%,9.74
https://cho-hamanako.info/blog/mebaru-kasago-cooking/,0,31,0%,12.84
https://cho-hamanako.info/blog/kawahagi-beginner/,0,31,0%,45
https://cho-hamanako.info/2025/12/araibenten-12m-winter-fishguide/#index_id13,0,29,0%,4.38
https://cho-hamanako.info/2025/12/araibenten-12m-winter-fishguide/#index_id15,0,29,0%,4.38
https://cho-hamanako.info/2025/12/araibenten-12m-winter-fishguide/#index_id20,0,29,0%,4.38
https://cho-hamanako.info/2025/12/araibenten-12m-winter-fishguide/#index_id7,0,29,0%,4.38
https://cho-hamanako.info/2025/01/3月の浜名湖でおすすめの釣りポイント9選/#index_id2,0,29,0%,7.21
https://cho-hamanako.info/blog/eging-cooking/,0,29,0%,35.17
https://cho-hamanako.info/2025/11/araibenten-11-5select/#index_id1,0,28,0%,9.82
https://cho-hamanako.info/tag/浜名湖パークビレッジ/,0,28,0%,16.29
https://cho-hamanako.info/2024/08/舘山寺（内浦湾）～奥浜名湖の釣りポイント紹介/#index_id8,0,27,0%,5.89
https://cho-hamanako.info/2024/10/12月の浜名湖でおすすめの釣りポイント/#index_id6,0,25,0%,6.24
https://cho-hamanako.info/blog/comparison/,0,24,0%,11.71
https://cho-hamanako.info/blog/target/,0,23,0%,11.09
https://cho-hamanako.info/tag/キス釣り/,0,23,0%,31.22
https://cho-hamanako.info/2024/08/浜名湖の干潟サイトフィッシング～中浜名湖の釣/#index_id7,0,22,0%,5.18
https://cho-hamanako.info/map,0,22,0%,8.14
https://cho-hamanako.info/2025/10/10月の浜名湖ハゼ釣り完全ガイド！秋の大型ハゼを/#index_id0,0,22,0%,8.73
https://cho-hamanako.info/2025/10/10月の浜名湖ハゼ釣り完全ガイド！秋の大型ハゼを/#index_id11,0,22,0%,8.73
https://cho-hamanako.info/2025/10/10月の浜名湖ハゼ釣り完全ガイド！秋の大型ハゼを/#index_id4,0,22,0%,8.73
https://cho-hamanako.info/2025/10/10月の浜名湖ハゼ釣り完全ガイド！秋の大型ハゼを/#index_id7,0,22,0%,8.73
https://cho-hamanako.info/blog/kurodai-cooking/,0,22,0%,18.95
https://cho-hamanako.info/tag/アジ/,0,22,0%,29.05
https://cho-hamanako.info/points/isajigawa,0,21,0%,9.52
https://cho-hamanako.info/blog/mejina-cooking,0,20,0%,8.1
https://cho-hamanako.info/2025/11/araibenten-11-5select/#index_id8,0,19,0%,8.63
https://cho-hamanako.info/page/6/,0,19,0%,13.37
https://cho-hamanako.info/2025/12/hamanako-12season-fishguide/#index_id10,0,18,0%,6.06
https://cho-hamanako.info/2025/12/hamanako-12season-fishguide/#index_id4,0,18,0%,6.06
https://cho-hamanako.info/blog/9-month/,0,18,0%,8.56
https://cho-hamanako.info/blog/sayori-beginner-guide/,0,18,0%,17.33
https://cho-hamanako.info/2025/12/hamanako-12season-fishguide/#index_id0,0,17,0%,6.12
https://cho-hamanako.info/2025/12/hamanako-12season-fishguide/#index_id13,0,17,0%,6.12
https://cho-hamanako.info/2025/12/hamanako-12season-fishguide/#index_id17,0,17,0%,6.12
https://cho-hamanako.info/blog/cooking/beginner/koaji-karaage-recipe/,0,17,0%,10
https://cho-hamanako.info/tag/釣りポイント紹介/,0,17,0%,14.24
https://cho-hamanako.info/blog/weekly-report-2026-03-29/,0,16,0%,6.81
https://cho-hamanako.info/page/2/,0,16,0%,20.94
https://cho-hamanako.info/2024/09/10月の浜名湖でおすすめの釣りポイント8選/#index_id10,0,15,0%,5
https://cho-hamanako.info/blog/guide/theory/area-strategy-theory/,0,15,0%,10.07
https://cho-hamanako.info/2024/09/10月の浜名湖でおすすめの釣りポイント8選/#index_id7,0,14,0%,3.57
https://cho-hamanako.info/points/fukabori/chining-fukabori,0,14,0%,6.21
https://cho-hamanako.info/map?area=%E5%A5%A5%E6%B5%9C%E5%90%8D%E6%B9%96,0,14,0%,8.14
https://cho-hamanako.info/category/season/,0,14,0%,10.71
https://cho-hamanako.info/tag/キビレ/,0,14,0%,26
https://cho-hamanako.info/2025/11/hama11-karei-jsseki/#index_id0,0,13,0%,5.46
https://cho-hamanako.info/2025/11/hama11-karei-jsseki/#index_id3,0,13,0%,5.46
https://cho-hamanako.info/2026/01/hamanako-tsurigushop-choice/#index_id0,0,13,0%,5.46
https://cho-hamanako.info/2026/01/hamanako-tsurigushop-choice/#index_id3,0,13,0%,5.46
https://cho-hamanako.info/blog/guide/theory/wind-direction-fish/,0,13,0%,7.46
https://cho-hamanako.info/blog/eging/,0,13,0%,9.54
https://cho-hamanako.info/blog/mebaru-kasago-cooking,0,13,0%,9.85
https://cho-hamanako.info/points/waji-boat/,0,13,0%,10.15
https://cho-hamanako.info/category/points/naka-hamanako/,0,13,0%,15.15
https://cho-hamanako.info/category/points/estuary/,0,13,0%,15.23
https://cho-hamanako.info/blog/kurodai-cooking,0,13,0%,19.69
https://cho-hamanako.info/blog/season/monthly/12-month/,0,13,0%,23.69
https://cho-hamanako.info/2025/11/hama11-karei-jsseki/#index_id6,0,12,0%,5
https://cho-hamanako.info/2026/01/hamanako-tsurigushop-choice/#index_id1,0,12,0%,5.58
https://cho-hamanako.info/2026/01/hamanako-tsurigushop-choice/#index_id2,0,12,0%,5.58
https://cho-hamanako.info/2026/01/hamanako-tsurigushop-choice/#index_id4,0,12,0%,5.58
https://cho-hamanako.info/2026/01/hamanako-tsurigushop-choice/#index_id5,0,12,0%,5.58
https://cho-hamanako.info/2026/01/hamanako-tsurigushop-choice/#index_id6,0,12,0%,5.58
https://cho-hamanako.info/2025/11/hama11-karei-jsseki/#index_id5,0,12,0%,5.67
https://cho-hamanako.info/blog/guide/method/winter-lightgame/,0,12,0%,6.25
https://cho-hamanako.info/2025/12/hamanako-mebaru-winter-ptactics/#index_id3,0,12,0%,8.58
https://cho-hamanako.info/2025/12/hamanako-mebaru-winter-ptactics/#index_id6,0,12,0%,8.58
https://cho-hamanako.info/blog/guide/theory/baitfish-tracking/,0,12,0%,8.75
https://cho-hamanako.info/tag/秋のアジ釣り/,0,12,0%,31.58
https://cho-hamanako.info/category/beginner/lure-start/,0,12,0%,70.58
https://cho-hamanako.info/2025/11/hama11-karei-jsseki/#index_id1,0,11,0%,5.18
https://cho-hamanako.info/2025/11/hama11-karei-jsseki/#index_id4,0,11,0%,5.18
https://cho-hamanako.info/2024/11/浜名湖でサビキ釣りを楽しもう！おすすめのシー/#index_id4,0,11,0%,5.82
https://cho-hamanako.info/points/murakushi-kaisuiyoku/,0,11,0%,7
https://cho-hamanako.info/blog/guide/theory/feeding-switch/,0,11,0%,7.36
https://cho-hamanako.info/points/boat-seabass-fukabori/,0,11,0%,7.73
https://cho-hamanako.info/2025/10/10月の浜名湖投げ釣り入門！カワハギ・ヘダイを狙/#index_id4,0,11,0%,8.09
https://cho-hamanako.info/2025/12/hamanako-mebaru-winter-ptactics/#index_id0,0,11,0%,9.09
https://cho-hamanako.info/2025/12/hamanako-mebaru-winter-ptactics/#index_id18,0,11,0%,9.09
https://cho-hamanako.info/2025/12/hamanako-mebaru-winter-ptactics/#index_id23,0,11,0%,9.09
https://cho-hamanako.info/2025/11/bansyu-seabass-area/#index_id0,0,10,0%,6.6
https://cho-hamanako.info/2025/11/bansyu-seabass-area/#index_id3,0,10,0%,6.6
https://cho-hamanako.info/points/kisu-fukabori/,0,10,0%,6.9
https://cho-hamanako.info/2025/02/7月の浜名湖でおすすめの釣りポイント7選/#index_id4,0,10,0%,7.3
https://cho-hamanako.info/2025/10/10月の浜名湖投げ釣り入門！カワハギ・ヘダイを狙/#index_id2,0,10,0%,8.1
https://cho-hamanako.info/2025/10/10月の浜名湖投げ釣り入門！カワハギ・ヘダイを狙/#index_id6,0,10,0%,8.1
https://cho-hamanako.info/points/bentenjimakaihinkouen/,0,10,0%,9.2
https://cho-hamanako.info/2025/12/hamanako-mebaru-winter-ptactics/#index_id1,0,10,0%,9.5
https://cho-hamanako.info/category/spacies/octpus/,0,10,0%,45.6
https://cho-hamanako.info/blog/sabiki-set-comparison,0,9,0%,5.89
https://cho-hamanako.info/category/points/奥浜名湖/,0,9,0%,6.56
https://cho-hamanako.info/blog/august-hazekura/,0,9,0%,6.67
https://cho-hamanako.info/2025/10/10月の浜名湖投げ釣り入門！カワハギ・ヘダイを狙/#index_id7,0,9,0%,8.44
https://cho-hamanako.info/blog/target/haze/beginner/,0,9,0%,8.67
https://cho-hamanako.info/tag/メジナ/,0,9,0%,11.22
https://cho-hamanako.info/blog/7-month,0,9,0%,11.89
https://cho-hamanako.info/tag/サビキ仕掛け/,0,9,0%,12.78
https://cho-hamanako.info/page/8/,0,9,0%,13.22
https://cho-hamanako.info/map?area=%E8%A1%A8%E6%B5%9C%E5%90%8D%E6%B9%96,0,9,0%,15.56
https://cho-hamanako.info/points/sayori-fukabori/,0,8,0%,3.88
https://cho-hamanako.info/points/syotaijihana,0,8,0%,3.88
https://cho-hamanako.info/blog/weekly-report-2026-03-29,0,8,0%,4.5
https://cho-hamanako.info/points/kyowa-boat/,0,8,0%,5
https://cho-hamanako.info/blog/aji-saba-sappa,0,8,0%,5.5
https://cho-hamanako.info/2025/10/10月の浜名湖投げ釣り入門！カワハギ・ヘダイを狙/#index_id0,0,8,0%,8.5
https://cho-hamanako.info/2025/10/10月の浜名湖投げ釣り入門！カワハギ・ヘダイを狙/#index_id1,0,8,0%,8.5
https://cho-hamanako.info/2025/10/10月の浜名湖投げ釣り入門！カワハギ・ヘダイを狙/#index_id5,0,8,0%,8.5
https://cho-hamanako.info/2025/12/hamanako-mebaru-winter-ptactics/#index_id21,0,8,0%,10.25
https://cho-hamanako.info/2026/02/winter-training-home/,0,8,0%,10.62
https://cho-hamanako.info/category/points/surf/,0,8,0%,12.62
https://cho-hamanako.info/blog/kibire-tactics/,0,8,0%,14.25
https://cho-hamanako.info/tag/浜名湖ウェーディング/,0,8,0%,20.25
https://cho-hamanako.info/tag/釣りスポット/,0,8,0%,29.62
https://cho-hamanako.info/2024/12/2月の浜名湖でおすすめの釣りポイント6選/#index_id7,0,7,0%,2.86
https://cho-hamanako.info/points/murakushi-fishing-port,0,7,0%,4.14
https://cho-hamanako.info/blog/weekly-report-2026-04-09/,0,7,0%,5.43
https://cho-hamanako.info/blog/guide/logistics/parking-toilet-guide/,0,7,0%,7.14
https://cho-hamanako.info/blog/kareing/,0,7,0%,7.43
https://cho-hamanako.info/points/imagiremaisakatei,0,7,0%,7.86
https://cho-hamanako.info/points/oku/sunza/,0,7,0%,8.14
https://cho-hamanako.info/blog/hazekura-gear/,0,7,0%,8.29
https://cho-hamanako.info/2024/12/2月の浜名湖でおすすめの釣りポイント6選/#index_id26,0,6,0%,3.17
https://cho-hamanako.info/blog/bachinuke-lures,0,6,0%,4.67
https://cho-hamanako.info/points/isajigawa/,0,6,0%,7
https://cho-hamanako.info/blog/karei-beginner/,0,6,0%,7.67
https://cho-hamanako.info/blog/mejina,0,6,0%,8.67
https://cho-hamanako.info/points/hiramatsu/,0,6,0%,8.67
https://cho-hamanako.info/blog/kurodai-beginner/,0,6,0%,9
https://cho-hamanako.info/points/bachinuke-fukabori/,0,6,0%,9.67
https://cho-hamanako.info/blog/guide/method/myaku-hechi-fishing/,0,6,0%,9.83
https://cho-hamanako.info/points/family-car-points,0,6,0%,11
https://cho-hamanako.info/category/spacies/kurodai/,0,6,0%,15.33
https://cho-hamanako.info/category/spacies/aji/,0,6,0%,30.67
https://cho-hamanako.info/category/beginner/,0,6,0%,34.33
https://cho-hamanako.info/blog/kurodai-tactics/,0,5,0%,4.6
https://cho-hamanako.info/2024/11/浜名湖でおすすめのウェーディングポイント10選と/#index_id10,0,5,0%,5.6
https://cho-hamanako.info/blog/guide/theory/mazume-logic/,0,5,0%,6.2
https://cho-hamanako.info/points/murakushi-kaisuiyoku,0,5,0%,6.2
https://cho-hamanako.info/points/bachinuke-fukabori,0,5,0%,6.6
https://cho-hamanako.info/blog/target/kawahagi/tactics/,0,5,0%,7.2
https://cho-hamanako.info/2025/10/952/,0,5,0%,7.6
https://cho-hamanako.info/2025/11/beginner-haze-konanch/#index_id0,0,5,0%,8
https://cho-hamanako.info/2025/11/beginner-haze-konanch/#index_id4,0,5,0%,8
https://cho-hamanako.info/blog/eging-points,0,5,0%,8.8
https://cho-hamanako.info/category/beginner/start/,0,5,0%,11.6
https://cho-hamanako.info/points/shinkawa-kakou/,0,5,0%,14.8
https://cho-hamanako.info/category/beginner/basics/,0,5,0%,15.2
https://cho-hamanako.info/blog/seabass-beginner/,0,5,0%,23.6
https://cho-hamanako.info/tag/佐久米海岸/,0,5,0%,26.2
https://cho-hamanako.info/2024/12/2月の浜名湖でおすすめの釣りポイント6選/#index_id14,0,4,0%,3.75
https://cho-hamanako.info/2024/12/2月の浜名湖でおすすめの釣りポイント6選/#index_id17,0,4,0%,3.75
https://cho-hamanako.info/points/ime,0,4,0%,5.25
https://cho-hamanako.info/2025/12/hamanako-mebaru-winter-ptactics/#index_id15,0,4,0%,5.75
https://cho-hamanako.info/blog/eging-points/,0,4,0%,6
https://cho-hamanako.info/points/lunker-seabass-fukabori/,0,4,0%,6
https://cho-hamanako.info/points/kibire-bottom-fukabori/,0,4,0%,6.5
https://cho-hamanako.info/blog/guide/method,0,4,0%,6.75
https://cho-hamanako.info/blog/12-december-chinta/,0,4,0%,7
https://cho-hamanako.info/blog/travel/omote-area-travel/,0,4,0%,7
https://cho-hamanako.info/points/ajing-fukabori,0,4,0%,7
https://cho-hamanako.info/2025/10/10月の浜名湖投げ釣り入門！カワハギ・ヘダイを狙/#index_id3,0,4,0%,7.25
https://cho-hamanako.info/blog/mebaru-kasago-tactics/,0,4,0%,7.75
https://cho-hamanako.info/blog/temp-lag-science,0,4,0%,7.75
https://cho-hamanako.info/blog/bachinuke-tackle,0,4,0%,8.25
https://cho-hamanako.info/blog/sayori/,0,4,0%,8.5
https://cho-hamanako.info/points/naka/higata-sitefishing/,0,4,0%,8.5
https://cho-hamanako.info/blog/guide/method/hamanako-boat-fishing,0,4,0%,8.75
https://cho-hamanako.info/blog/casting-gomoku/,0,4,0%,9.25
https://cho-hamanako.info/2025/11/beginner-haze-konanch/#index_id1,0,4,0%,9.5
https://cho-hamanako.info/2025/11/beginner-haze-konanch/#index_id2,0,4,0%,9.5
https://cho-hamanako.info/2025/11/beginner-haze-konanch/#index_id3,0,4,0%,9.5
https://cho-hamanako.info/2025/11/beginner-haze-konanch/#index_id5,0,4,0%,9.5
https://cho-hamanako.info/2025/11/beginner-haze-konanch/#index_id6,0,4,0%,9.5
https://cho-hamanako.info/points/parkvillege,0,4,0%,9.5
https://cho-hamanako.info/points/kibire-bottom-fukabori,0,4,0%,10.5
https://cho-hamanako.info/2024/11/【完全ガイド】浜名湖でハゼ釣りを楽しむ！おす/#index_id1,0,4,0%,11.25
https://cho-hamanako.info/blog/travel/kanzanji-fishing-walk-guide,0,4,0%,11.5
https://cho-hamanako.info/tag/アジングポイント/,0,4,0%,14.5
https://cho-hamanako.info/blog/guide/theory/dissolved-oxygen/,0,4,0%,18
https://cho-hamanako.info/blog/3-month/,0,4,0%,23.5
https://cho-hamanako.info/category/methods/,0,4,0%,34
https://cho-hamanako.info/points/pokochan-coast,0,3,0%,3.33
https://cho-hamanako.info/points/gardenpark/,0,3,0%,5.33
https://cho-hamanako.info/legal/privacy/,0,3,0%,5.67
https://cho-hamanako.info/points/magochi-fukabori/,0,3,0%,6.33
https://cho-hamanako.info/points/sakuramaru,0,3,0%,6.33
https://cho-hamanako.info/points/yuto-yamazaki,0,3,0%,6.33
https://cho-hamanako.info/blog/kurodai-complete-guide,0,3,0%,6.67
https://cho-hamanako.info/blog/flatfish-points/,0,3,0%,7.33
https://cho-hamanako.info/blog/karei-points/,0,3,0%,7.67
https://cho-hamanako.info/blog/guide/method/ajing-guide,0,3,0%,8.67
https://cho-hamanako.info/blog/guide/method/fukase-fishing,0,3,0%,8.67
https://cho-hamanako.info/blog/winter-anazuri-guide-2026/,0,3,0%,8.67
https://cho-hamanako.info/points/aeontown-kosai/,0,3,0%,8.67
https://cho-hamanako.info/2025/11/bansyu-seabass-area/#index_id1,0,3,0%,9
https://cho-hamanako.info/2025/11/bansyu-seabass-area/#index_id2,0,3,0%,9
https://cho-hamanako.info/2025/11/bansyu-seabass-area/#index_id5,0,3,0%,9
https://cho-hamanako.info/2025/11/bansyu-seabass-area/#index_id6,0,3,0%,9
https://cho-hamanako.info/blog/seabass-points,0,3,0%,9
https://cho-hamanako.info/points/mejina-fukabori,0,3,0%,9.33
https://cho-hamanako.info/points/tsuzusaki/,0,3,0%,9.33
https://cho-hamanako.info/blog/seabass-cooking/,0,3,0%,9.67
https://cho-hamanako.info/page/3/,0,3,0%,9.67
https://cho-hamanako.info/page/11/,0,3,0%,10.33
https://cho-hamanako.info/points/boat-gomoku-fukabori/,0,3,0%,11.33
https://cho-hamanako.info/blog/sayori-pattern/,0,3,0%,11.67
https://cho-hamanako.info/points/naka/arai-nakanogo/,0,3,0%,12.67
https://cho-hamanako.info/points/parkvillege/,0,3,0%,12.67
https://cho-hamanako.info/blog/kibire-beginner/,0,3,0%,13.33
https://cho-hamanako.info/category/methods/eging/,0,3,0%,17.67
https://cho-hamanako.info/tag/サビキ釣り/,0,3,0%,19.67
https://cho-hamanako.info/tag/マゴチ釣り/,0,3,0%,28.33
https://cho-hamanako.info/category/beginner/bait-start/,0,3,0%,42.33
https://cho-hamanako.info/category/methods/lure/,0,3,0%,50
https://cho-hamanako.info/blog/hazekura-gear,0,3,0%,54.67
https://cho-hamanako.info/points/washidukou,0,2,0%,1
https://cho-hamanako.info/tag/上級者向け/,0,2,0%,1.5
https://cho-hamanako.info/blog/11-november-karei/,0,2,0%,2
https://cho-hamanako.info/2024/09/10月の浜名湖でおすすめの釣りポイント8選/#index_id8,0,2,0%,3.5
https://cho-hamanako.info/points/sakuramaru/,0,2,0%,3.5
https://cho-hamanako.info/2025/11/11bansyu-kibire-float/#index_id0,0,2,0%,4
https://cho-hamanako.info/2025/11/11bansyu-kibire-float/#index_id2,0,2,0%,4
https://cho-hamanako.info/2025/11/11bansyu-kibire-float/#index_id3,0,2,0%,4
https://cho-hamanako.info/2025/11/11bansyu-kibire-float/#index_id4,0,2,0%,4
https://cho-hamanako.info/2025/11/11bansyu-kibire-float/#index_id5,0,2,0%,4
https://cho-hamanako.info/2025/11/11bansyu-kibire-float/#index_id6,0,2,0%,4
https://cho-hamanako.info/2025/11/11bansyu-kibire-float/#index_id7,0,2,0%,4
https://cho-hamanako.info/2025/12/winter12-3-lightgame-rockfish/#index_id10,0,2,0%,4
https://cho-hamanako.info/2025/12/winter12-3-lightgame-rockfish/#index_id4,0,2,0%,4
https://cho-hamanako.info/blog/hamanako-train-fishing-spots/,0,2,0%,4
https://cho-hamanako.info/points/higata-sitefishing/,0,2,0%,4.5
https://cho-hamanako.info/affiliates,0,2,0%,5
https://cho-hamanako.info/blog/target/seabass/cooking,0,2,0%,5
https://cho-hamanako.info/tag/ハゼ釣りポイント/,0,2,0%,5
https://cho-hamanako.info/blog/guide/theory/day-vs-night/,0,2,0%,7
https://cho-hamanako.info/blog/golden-week-hamanako-fishing,0,2,0%,7.5
https://cho-hamanako.info/points/hamayu-ohashi/,0,2,0%,7.5
https://cho-hamanako.info/blog/target/aji-saba-sappa/tactics/,0,2,0%,8
https://cho-hamanako.info/blog/target/kawahagi/complete-guide/,0,2,0%,8.5
https://cho-hamanako.info/blog/amihoshiba/,0,2,0%,9.5
https://cho-hamanako.info/blog/hamana-depth-map-guide,0,2,0%,9.5
https://cho-hamanako.info/tag/冬の投げ釣り/,0,2,0%,9.5
https://cho-hamanako.info/blog/karei-cooking/,0,2,0%,10
https://cho-hamanako.info/points/fukabori/chining-fukabori/,0,2,0%,10.5
https://cho-hamanako.info/blog/winter-kasago/,0,2,0%,11
https://cho-hamanako.info/points/lunker-seabass-fukabori,0,2,0%,11
https://cho-hamanako.info/blog/11-month/,0,2,0%,11.5
https://cho-hamanako.info/blog/tako,0,2,0%,11.5
https://cho-hamanako.info/points/kohitomi-boat/,0,2,0%,11.5
https://cho-hamanako.info/2025/02/7月の浜名湖でおすすめの釣りポイント7選/#index_id6,0,2,0%,12
https://cho-hamanako.info/tag/オールシーズン対応/,0,2,0%,13
https://cho-hamanako.info/blog/kawahagi-points,0,2,0%,13.5
https://cho-hamanako.info/2026/02/training-gym-personal/,0,2,0%,14.5
https://cho-hamanako.info/category/points/naka-hamana/,0,2,0%,15
https://cho-hamanako.info/blog/sayori-beginner-guide,0,2,0%,30
https://cho-hamanako.info/tag/おすすめ釣具店/,0,2,0%,31.5
https://cho-hamanako.info/search/,0,2,0%,67
https://cho-hamanako.info/blog/guide/beginner/hamanako-rainy-day-fishing/,0,1,0%,1
https://cho-hamanako.info/blog/guide/beginner/hamanako-poisonous-fish-guide,0,1,0%,2
https://cho-hamanako.info/blog/okuhamanako-haze-fishing/,0,1,0%,2
https://cho-hamanako.info/2025/01/3月の浜名湖でおすすめの釣りポイント9選/#index_id23,0,1,0%,3
https://cho-hamanako.info/blog/temp-lag-science/,0,1,0%,3
https://cho-hamanako.info/search,0,1,0%,3
https://cho-hamanako.info/2025/12/winter12-3-lightgame-rockfish/#index_id0,0,1,0%,4
https://cho-hamanako.info/2025/12/winter12-3-lightgame-rockfish/#index_id15,0,1,0%,4
https://cho-hamanako.info/2025/12/winter12-3-lightgame-rockfish/#index_id6,0,1,0%,4
https://cho-hamanako.info/blog,0,1,0%,4
https://cho-hamanako.info/blog/guide/theory/seasonal-patterns-guide/,0,1,0%,4
https://cho-hamanako.info/blog/tako-beginner/,0,1,0%,4
https://cho-hamanako.info/points/matsumigaura,0,1,0%,4
https://cho-hamanako.info/blog/guide/method/cho-nage-fishing,0,1,0%,6
https://cho-hamanako.info/blog/haku-pattern/,0,1,0%,6
https://cho-hamanako.info/blog/haze-tactics/,0,1,0%,6
https://cho-hamanako.info/tag/メジナ釣り/,0,1,0%,6
https://cho-hamanako.info/blog/haze-beginner/,0,1,0%,7
https://cho-hamanako.info/blog/kawahagi-tactics/,0,1,0%,7
https://cho-hamanako.info/blog/target/kawahagi/complete-guide,0,1,0%,7
https://cho-hamanako.info/points/arai-nakanogo,0,1,0%,7
https://cho-hamanako.info/tag/ファミリーフィッシング/,0,1,0%,7
https://cho-hamanako.info/tag/堤防釣り/,0,1,0%,7
https://cho-hamanako.info/wp-content/uploads/2025/11/fishing_3_benten-300x200.jpg,0,1,0%,7
https://cho-hamanako.info/2024/11/浜名湖でメバルを釣る方法～初心者から上級者ま/#index_id7,0,1,0%,8
https://cho-hamanako.info/blog/golden-week-hamanako-fishing/,0,1,0%,8